1,the
2,and
3,a
4,of
5,i
6,to
7,was
8,in
9,he
10,that
11,had
12,you
13,it
14,his
15,with
16,as
17,my
18,for
19,on
20,but
21,at
22,we
23,me
24,all
25,said
26,not
27,were
28,by
29,this
30,have
31,him
32,one
33,out
34,so
35,be
36,now
37,they
38,from
39,man
40,there
41,up
42,captain
43,like
44,if
45,silver
46,or
47,is
48,when
49,could
50,would
51,what
52,no
53,us
54,been
55,then
56,upon
57,down
58,more
59,doctor
60,our
61,before
62,them
63,an
64,your
65,time
66,see
67,about
68,their
69,well
70,here
71,into
72,her
73,good
74,hand
75,still
76,old
77,long
78,again
79,last
80,some
81,two
82,back
83,over
84,cried
85,little
86,do
87,where
88,men
89,which
90,after
91,hands
92,very
93,ill
94,squire
95,first
96,who
97,lay
98,came
99,began
100,know
101,another
102,made
103,only
104,way
105,than
106,side
107,say
108,much
109,never
110,should
111,come
112,ship
113,other
114,great
115,get
116,head
117,thought
118,take
119,island
120,did
121,once
122,dont
123,round
124,off
125,its
126,these
127,she
128,got
129,are
130,go
131,says
132,sea
133,soon
134,john
135,enough
136,through
137,sure
138,moment
139,must
140,dead
141,house
142,seen
143,how
144,went
145,same
146,found
147,own
148,might
149,right
150,can
151,tell
152,left
153,just
154,three
155,under
156,himself
157,put
158,may
159,mr
160,thats
161,even
162,saw
163,though
164,looked
165,word
166,away
167,too
168,look
169,think
170,till
171,while
172,youll
173,voice
174,took
175,seemed
176,any
177,among
178,face
179,jim
180,hispaniola
181,behind
182,every
183,eyes
184,make
185,told
186,heard
187,im
188,nothing
189,hear
190,livesey
191,door
192,far
193,black
194,day
195,water
196,done
197,returned
198,end
199,ever
200,youre
201,along
202,will
203,myself
204,ran
205,fell
206,rum
207,sir
208,treasure
209,dr
210,cut
211,set
212,open
213,nor
214,quite
215,thing
216,turned
217,ben
218,kept
219,together
220,asked
221,gone
222,already
223,help
224,next
225,give
226,both
227,smollett
228,place
229,most
230,almost
231,has
232,words
233,let
234,stood
235,yet
236,mind
237,hawkins
238,why
239,ashore
240,capn
241,deck
242,sand
243,stockade
244,ships
245,keep
246,each
247,mother
248,night
249,feet
250,against
251,rest
252,heart
253,poor
254,half
255,trees
256,am
257,part
258,find
259,whole
260,run
261,towards
262,between
263,low
264,theres
265,without
266,hill
267,aboard
268,course
269,shot
270,sound
271,going
272,near
273,close
274,replied
275,boat
276,four
277,taken
278,clear
279,o
280,crew
281,work
282,six
283,across
284,ive
285,above
286,many
287,boy
288,added
289,em
290,flint
291,shoulder
292,better
293,since
294,lost
295,point
296,board
297,gray
298,high
299,brought
300,plain
301,indeed
302,sat
303,pretty
304,knew
305,money
306,suddenly
307,name
308,cant
309,being
310,gunn
311,want
312,mate
313,kind
314,such
315,shore
316,air
317,blind
318,anchorage
319,trelawney
320,fire
321,life
322,passed
323,struck
324,second
325,red
326,schooner
327,morgan
328,cabin
329,spoke
330,fear
331,pipe
332,eye
333,something
334,sight
335,short
336,spot
337,gave
338,hunter
339,aint
340,continued
341,speak
342,wind
343,believe
344,talk
345,captains
346,best
347,perhaps
348,direction
349,below
350,north
351,crutch
352,reckon
353,coracle
354,dog
355,sun
356,few
357,spyglass
358,full
359,wont
360,five
361,strong
362,none
363,morning
364,corner
365,sometimes
366,shall
367,running
368,fancy
369,hundred
370,wood
371,lad
372,stand
373,beside
374,youve
375,inn
376,chest
377,fallen
378,until
379,hard
380,answered
381,certainly
382,hold
383,things
384,redruth
385,cook
386,chart
387,woods
388,white
389,mans
390,george
391,hung
392,blow
393,body
394,party
395,powder
396,big
397,cry
398,land
399,forward
400,merry
401,current
402,admiral
403,carried
404,bad
405,road
406,leg
407,death
408,rather
409,meantime
410,opened
411,nearer
412,hes
413,straight
414,either
415,laid
416,hot
417,neither
418,flints
419,joyce
420,foot
421,mutineers
422,tall
423,bottle
424,called
425,call
426,others
427,people
428,piece
429,leave
430,fine
431,forth
432,arms
433,held
434,dark
435,top
436,fortune
437,home
438,tom
439,sail
440,dick
441,worst
442,benbow
443,father
444,suppose
445,sudden
446,saying
447,sort
448,drink
449,front
450,stopped
451,drew
452,fellow
453,breath
454,ah
455,besides
456,turn
457,save
458,given
459,alone
460,rose
461,stern
462,mouth
463,around
464,thunder
465,block
466,broken
467,looking
468,sailed
469,bristol
470,always
471,story
472,followed
473,bright
474,observed
475,world
476,beach
477,felt
478,anything
479,several
480,position
481,wanted
482,honest
483,light
484,pew
485,buccaneers
486,east
487,israel
488,breeze
489,tide
490,gentlemen
491,seaman
492,blue
493,bit
494,watch
495,least
496,companion
497,places
498,coming
499,sitting
500,new
501,mean
502,broke
503,cutlass
504,arm
505,whom
506,step
507,meant
508,worse
509,blood
510,lying
511,colour
512,lie
513,thus
514,begun
515,business
516,instantly
517,reached
518,line
519,third
520,silvers
521,pirates
522,boats
523,bring
524,eight
525,pieces
526,company
527,evening
528,matter
529,afraid
530,nobody
531,silence
532,lived
533,quiet
534,terror
535,fellows
536,knife
537,bill
538,manner
539,holding
540,bones
541,yourself
542,standing
543,young
544,pulled
545,heres
546,ready
547,outside
548,seven
549,bottom
550,surprise
551,danger
552,doing
553,buried
554,mark
555,number
556,safe
557,anchor
558,talking
559,itself
560,maybe
561,barrel
562,answer
563,gigs
564,gun
565,loghouse
566,having
567,coast
568,parlour
569,less
570,deal
571,bear
572,table
573,drunk
574,room
575,pocket
576,likely
577,loud
578,return
579,thinking
580,inside
581,wouldnt
582,please
583,blessed
584,case
585,knees
586,hope
587,west
588,leaving
589,fro
590,chance
591,sign
592,dance
593,gentleman
594,further
595,feared
596,skeleton
597,pleased
598,dropped
599,hardly
600,lives
601,luck
602,shadow
603,stores
604,ears
605,heavy
606,often
607,stick
608,appeared
609,ask
610,seafaring
611,shook
612,roared
613,thousand
614,sent
615,voices
616,drawing
617,rock
618,sick
619,showed
620,clean
621,disappeared
622,floor
623,doctors
624,wonder
625,dare
626,small
627,pistol
628,ten
629,news
630,past
631,years
632,south
633,thick
634,also
635,seamen
636,mile
637,birds
638,spit
639,glass
640,length
641,pleasant
642,middle
643,singing
644,account
645,hat
646,occurred
647,service
648,mine
649,higher
650,master
651,interrupted
652,buccaneer
653,rough
654,growing
655,soul
656,longer
657,different
658,someone
659,green
660,fresh
661,order
662,filled
663,remembered
664,lose
665,ground
666,entirely
667,squires
668,quietly
669,risk
670,fit
671,inlet
672,bound
673,surface
674,however
675,days
676,fight
677,dooty
678,friends
679,coxswain
680,watching
681,scarce
682,killed
683,pines
684,alive
685,flag
686,coat
687,alongside
688,stay
689,gold
690,silent
691,making
692,else
693,sit
694,hanging
695,fair
696,afternoon
697,hamlet
698,gradually
699,instant
700,cold
701,spring
702,stranger
703,waiting
704,tried
705,comes
706,minute
707,repeated
708,teeth
709,iron
710,wounded
711,possible
712,changed
713,understand
714,died
715,yards
716,slipped
717,doubt
718,noise
719,tobacco
720,met
721,whistle
722,shoulders
723,remained
724,whether
725,nearest
726,passage
727,port
728,double
729,arrow
730,large
731,aloud
732,id
733,safety
734,forecastle
735,companions
736,ear
737,although
738,grew
739,gunns
740,musket
741,palisade
742,brandy
743,loophole
744,keeping
745,beginning
746,sharp
747,remember
748,cover
749,slowly
750,appearance
751,mast
752,cove
753,brass
754,nose
755,orders
756,dear
757,walking
758,country
759,england
760,greatly
761,change
762,crossed
763,smoke
764,song
765,wall
766,moved
767,steady
768,busy
769,shining
770,fingers
771,jump
772,wide
773,bar
774,lower
775,raised
776,bible
777,taking
778,strength
779,fast
780,thoughts
781,beggar
782,fog
783,proved
784,strange
785,die
786,moon
787,whos
788,paper
789,neck
790,somewhat
791,show
792,score
793,within
794,move
795,dirk
796,wrong
797,rolled
798,leaped
799,glad
800,truth
801,walked
802,care
803,seacook
804,faces
805,spirits
806,guard
807,hurry
808,certain
809,slip
810,true
811,voyage
812,bows
813,weather
814,apple
815,sides
816,pork
817,fired
818,muskets
819,cool
820,whats
821,plateau
822,surf
823,entered
824,week
825,creature
826,wild
827,anyone
828,devil
829,speaking
830,oath
831,sprang
832,sailors
833,broad
834,paused
835,son
836,used
837,billy
838,times
839,wonderful
840,caught
841,fall
842,beheld
843,cries
844,spirit
845,glance
846,kill
847,deserted
848,couldnt
849,sleep
850,dared
851,miles
852,plainly
853,figure
854,friend
855,precious
856,single
857,rise
858,sharply
859,hours
860,dangerous
861,sooner
862,stiff
863,thrown
864,started
865,rapidly
866,beyond
867,farther
868,sense
869,aye
870,pause
871,surprised
872,shouting
873,window
874,wish
875,lads
876,shiver
877,report
878,blows
879,rate
880,led
881,fairly
882,pounds
883,nine
884,tree
885,eat
886,hour
887,sailor
888,health
889,speed
890,attack
891,walk
892,easily
893,bird
894,courage
895,powers
896,deep
897,timbers
898,swung
899,cruise
900,free
901,sails
902,anderson
903,trust
904,tumbling
905,trying
906,colours
907,torch
908,following
909,falling
910,afterwards
911,pity
912,threw
913,obeyed
914,mostly
915,secret
916,scarcely
917,main
918,letter
919,horse
920,liveseys
921,sank
922,risen
923,pale
924,draw
925,cheeks
926,quick
927,former
928,getting
929,grow
930,pick
931,spite
932,closed
933,exposed
934,wig
935,worth
936,mates
937,yellow
938,fool
939,moving
940,theyre
941,ony
942,share
943,smell
944,addressed
945,distance
946,vain
947,ourselves
948,ride
949,goes
950,quarter
951,horses
952,compass
953,pistols
954,canvas
955,halfway
956,sounded
957,empty
958,steps
959,escape
960,cursed
961,ere
962,shouted
963,fools
964,biscuit
965,slope
966,hailed
967,whistled
968,imagine
969,crosses
970,mere
971,leaves
972,map
973,hills
974,blandly
975,adventure
976,boatswain
977,pleasure
978,note
979,watched
980,those
981,heads
982,parrot
983,distant
984,soft
985,jolly
986,council
987,wine
988,feel
989,thicket
990,sandy
991,marsh
992,alarm
993,smooth
994,jollyboat
995,overboard
996,lot
997,possession
998,ball
999,camp
1000,firewood
1001,bulwarks
1002,darkness
1003,mainsail
1004,cave
1005,start
1006,lifted
1007,roof
1008,whistling
1009,yohoho
1010,oh
1011,clothes
1012,spoken
1013,paid
1014,terrified
1015,carry
1016,louder
1017,known
1018,frightened
1019,spanish
1020,god
1021,allowed
1022,liked
1023,names
1024,loudly
1025,early
1026,hang
1027,upstairs
1028,pirate
1029,particular
1030,briskly
1031,drinking
1032,palm
1033,tone
1034,honour
1035,looks
1036,catch
1037,means
1038,seaward
1039,stepped
1040,person
1041,immediately
1042,boys
1043,throat
1044,shipmate
1045,child
1046,square
1047,seated
1048,oaths
1049,pair
1050,shut
1051,stroke
1052,trouble
1053,noon
1054,weak
1055,heartily
1056,havent
1057,weakness
1058,knows
1059,odd
1060,sober
1061,movement
1062,shipmates
1063,jumped
1064,forget
1065,shelter
1066,loaded
1067,touch
1068,burned
1069,brace
1070,joy
1071,tossing
1072,command
1073,rocks
1074,signal
1075,wasnt
1076,horrid
1077,terms
1078,rang
1079,cannot
1080,purpose
1081,act
1082,instead
1083,common
1084,vessel
1085,bearing
1086,easy
1087,weeks
1088,adventures
1089,changing
1090,lies
1091,everyone
1092,manage
1093,seeing
1094,smile
1095,lookout
1096,giving
1097,bow
1098,smart
1099,laugh
1100,desire
1101,bustle
1102,bore
1103,job
1104,served
1105,add
1106,expect
1107,waist
1108,able
1109,reason
1110,knowed
1111,sweet
1112,wait
1113,faithful
1114,cloud
1115,power
1116,shudder
1117,duty
1118,heat
1119,decided
1120,whipped
1121,proceeded
1122,load
1123,ebb
1124,thirty
1125,pace
1126,enclosure
1127,rope
1128,succeeded
1129,bushes
1130,porch
1131,chill
1132,spare
1133,bargain
1134,reach
1135,paddle
1136,turning
1137,hawser
1138,glow
1139,partly
1140,obrien
1141,southern
1142,saved
1143,because
1144,bed
1145,dirty
1146,breaking
1147,sang
1148,bars
1149,drank
1150,taste
1151,cliffs
1152,berth
1153,learned
1154,question
1155,mouse
1156,present
1157,month
1158,idea
1159,shaking
1160,neighbours
1161,remark
1162,fly
1163,dry
1164,really
1165,terrible
1166,plucked
1167,late
1168,dinner
1169,effect
1170,resumed
1171,seat
1172,count
1173,regard
1174,usual
1175,swinging
1176,wore
1177,fetch
1178,mighty
1179,expression
1180,horrible
1181,alarmed
1182,cleared
1183,breakfast
1184,bold
1185,heel
1186,pain
1187,wound
1188,edge
1189,staring
1190,relieved
1191,crying
1192,sake
1193,break
1194,managed
1195,lee
1196,drop
1197,hurt
1198,saving
1199,weight
1200,medicine
1201,natural
1202,meanwhile
1203,cross
1204,steep
1205,mountain
1206,forgotten
1207,temper
1208,violent
1209,minded
1210,appear
1211,faint
1212,forgot
1213,pass
1214,hollow
1215,foremost
1216,thundering
1217,curious
1218,due
1219,lugger
1220,hole
1221,increased
1222,key
1223,handsome
1224,amount
1225,lets
1226,tavern
1227,earshot
1228,aloft
1229,leaned
1230,twice
1231,youd
1232,crawling
1233,rolling
1234,grasp
1235,belt
1236,hearty
1237,laughed
1238,dock
1239,try
1240,nearly
1241,manned
1242,english
1243,centre
1244,later
1245,winds
1246,tongue
1247,send
1248,read
1249,deny
1250,hitch
1251,slow
1252,dozen
1253,salt
1254,live
1255,consort
1256,sailing
1257,knowledge
1258,understood
1259,picked
1260,stout
1261,prove
1262,didnt
1263,rightly
1264,join
1265,agreed
1266,use
1267,feeling
1268,pardon
1269,exactly
1270,excuse
1271,galley
1272,guess
1273,barbecue
1274,useless
1275,johns
1276,shes
1277,fifty
1278,broadside
1279,evidently
1280,overheard
1281,themselves
1282,brave
1283,plenty
1284,couple
1285,rising
1286,complete
1287,runs
1288,horror
1289,goat
1290,sighted
1291,smoking
1292,mutiny
1293,pine
1294,fever
1295,tired
1296,landed
1297,echo
1298,flying
1299,idle
1300,dotted
1301,peaks
1302,deadly
1303,enemy
1304,rattle
1305,flew
1306,human
1307,crawled
1308,beat
1309,heaven
1310,boom
1311,recover
1312,awoke
1313,stooping
1314,cast
1315,bits
1316,cheese
1317,food
1318,plan
1319,settled
1320,tumbled
1321,seconds
1322,shipped
1323,minds
1324,roundshot
1325,brush
1326,ago
1327,knocked
1328,hauled
1329,yours
1330,overhaul
1331,lucky
1332,cap
1333,notion
1334,meal
1335,swiftly
1336,tack
1337,blame
1338,shrouds
1339,maroon
1340,rules
1341,bearings
1342,ringing
1343,year
1344,brown
1345,seachest
1346,tarry
1347,cheek
1348,roughly
1349,strike
1350,inquired
1351,hearing
1352,lonely
1353,telescope
1354,aside
1355,fourpenny
1356,need
1357,nights
1358,altogether
1359,abominable
1360,trembling
1361,stories
1362,chorus
1363,anger
1364,judged
1365,excitement
1366,calling
1367,wrote
1368,received
1369,observing
1370,supposed
1371,box
1372,ceased
1373,pay
1374,notice
1375,produce
1376,flapped
1377,calm
1378,rid
1379,frosty
1380,softly
1381,touching
1382,stayed
1383,particularly
1384,questions
1385,reasons
1386,supposing
1387,blocks
1388,discipline
1389,bless
1390,hidden
1391,awaited
1392,retreat
1393,swing
1394,flight
1395,drawn
1396,split
1397,happy
1398,visit
1399,recognized
1400,settle
1401,excited
1402,pitch
1403,jack
1404,wife
1405,print
1406,offer
1407,behaviour
1408,wasted
1409,meaning
1410,hell
1411,mortal
1412,helped
1413,belief
1414,bodily
1415,wandering
1416,instance
1417,huge
1418,raising
1419,lead
1420,startled
1421,clung
1422,leaning
1423,view
1424,utterly
1425,wrist
1426,height
1427,burst
1428,telling
1429,mount
1430,clock
1431,approaching
1432,speedily
1433,seek
1434,unusual
1435,bolted
1436,declared
1437,thank
1438,search
1439,armed
1440,beating
1441,upper
1442,terrors
1443,stretched
1444,written
1445,pockets
1446,delay
1447,slept
1448,arrival
1449,interior
1450,suit
1451,worn
1452,bundle
1453,guineas
1454,shaken
1455,rattling
1456,wretched
1457,shone
1458,thin
1459,conceal
1460,moonlight
1461,blamed
1462,bank
1463,crawl
1464,curiosity
1465,crept
1466,arose
1467,kings
1468,weve
1469,grumbled
1470,heavily
1471,sheer
1472,comrades
1473,scream
1474,supervisor
1475,stone
1476,doubled
1477,state
1478,cheerily
1479,alls
1480,officer
1481,hall
1482,interest
1483,propose
1484,supper
1485,book
1486,sealed
1487,kindly
1488,eating
1489,enjoy
1490,wondering
1491,tail
1492,boarded
1493,french
1494,n
1495,e
1496,cape
1497,cabinboy
1498,famous
1499,play
1500,london
1501,gamekeeper
1502,isle
1503,fought
1504,absence
1505,admirable
1506,growled
1507,trifle
1508,remarkable
1509,hobbled
1510,engaged
1511,post
1512,everything
1513,beautiful
1514,situation
1515,putting
1516,goodbye
1517,born
1518,log
1519,street
1520,smiling
1521,tables
1522,trelawneys
1523,according
1524,propped
1525,quid
1526,salute
1527,lubber
1528,suspicions
1529,timber
1530,shakes
1531,davy
1532,perfect
1533,werent
1534,faith
1535,friendly
1536,angry
1537,craft
1538,determined
1539,fore
1540,berths
1541,conduct
1542,astern
1543,joined
1544,influence
1545,calls
1546,handkerchief
1547,swear
1548,brisk
1549,grog
1550,warning
1551,treachery
1552,steadily
1553,bowsprit
1554,shown
1555,quartermaster
1556,hanged
1557,puts
1558,earnest
1559,banks
1560,meet
1561,leastways
1562,stuff
1563,ye
1564,bite
1565,during
1566,peak
1567,recovered
1568,disappointment
1569,durst
1570,helpless
1571,grown
1572,nineteen
1573,southeast
1574,eastern
1575,family
1576,scuppers
1577,swell
1578,rudder
1579,narrow
1580,flat
1581,foliage
1582,became
1583,obvious
1584,shoved
1585,oar
1586,spinning
1587,margin
1588,trembled
1589,stream
1590,swamp
1591,hoarse
1592,taut
1593,flashed
1594,directly
1595,therefore
1596,trunk
1597,confusion
1598,christian
1599,lips
1600,jacket
1601,reply
1602,pious
1603,volley
1604,narrative
1605,strain
1606,knoll
1607,pull
1608,gallery
1609,cask
1610,popped
1611,tossed
1612,advantage
1613,ripples
1614,landingplace
1615,steering
1616,ones
1617,abroad
1618,gentle
1619,priming
1620,forty
1621,stop
1622,heave
1623,guns
1624,waded
1625,hearts
1626,lain
1627,rations
1628,carrying
1629,fate
1630,kettle
1631,grove
1632,dancing
1633,bandage
1634,crack
1635,desertion
1636,stuck
1637,embers
1638,odds
1639,patients
1640,coxswains
1641,campfire
1642,summit
1643,choose
1644,swallow
1645,anyway
1646,prompt
1647,favourite
1648,wreck
1649,crosstrees
1650,bay
1651,hoped
1652,mistake
1653,torture
1654,shouldnt
1655,brow
1656,excavation
1657,pen
1658,nails
1659,capstan
1660,signboard
1661,mought
1662,threshold
1663,royal
1664,ours
1665,described
1666,avoid
1667,alarms
1668,haunted
1669,corners
1670,leap
1671,shape
1672,sing
1673,wicked
1674,force
1675,joining
1676,slap
1677,reeled
1678,plank
1679,crimes
1680,cease
1681,presence
1682,bade
1683,blew
1684,annoyance
1685,contrast
1686,neat
1687,mingled
1688,agreeable
1689,harder
1690,fury
1691,perfectly
1692,promise
1693,battle
1694,hunted
1695,rode
1696,peace
1697,appears
1698,grey
1699,ripple
1700,tilted
1701,wake
1702,strode
1703,wanting
1704,argument
1705,pointed
1706,affair
1707,difficult
1708,obey
1709,ordered
1710,art
1711,sich
1712,uneasy
1713,hilt
1714,blade
1715,sorry
1716,ease
1717,retired
1718,explosion
1719,steel
1720,bewildered
1721,fighting
1722,downstairs
1723,breathing
1724,mrs
1725,basin
1726,stake
1727,effort
1728,awhile
1729,lands
1730,meat
1731,drain
1732,reassured
1733,seized
1734,lubbers
1735,shake
1736,difficulty
1737,un
1738,swab
1739,savannah
1740,unless
1741,lest
1742,matters
1743,funeral
1744,blowing
1745,ugly
1746,stairs
1747,doors
1748,bare
1749,extreme
1750,sad
1751,defence
1752,king
1753,action
1754,cruel
1755,stirring
1756,incredible
1757,swaying
1758,haste
1759,tears
1760,impossible
1761,skin
1762,opposite
1763,shine
1764,ashamed
1765,troubles
1766,woman
1767,kitts
1768,comrade
1769,willing
1770,speech
1771,bag
1772,attacked
1773,pursued
1774,assistance
1775,swift
1776,bolt
1777,candle
1778,striking
1779,thimble
1780,thread
1781,gully
1782,handle
1783,contained
1784,despair
1785,string
1786,lock
1787,value
1788,mounted
1789,wondered
1790,rogues
1791,random
1792,enter
1793,content
1794,jumping
1795,exact
1796,dell
1797,unbroken
1798,stronger
1799,enemies
1800,rush
1801,brief
1802,commands
1803,formidable
1804,alow
1805,moneys
1806,audible
1807,dogs
1808,appeal
1809,pluck
1810,hid
1811,georges
1812,pews
1813,quarrel
1814,flash
1815,swept
1816,dash
1817,gently
1818,pulling
1819,owed
1820,balance
1821,supporting
1822,fish
1823,furious
1824,actually
1825,scene
1826,fact
1827,breast
1828,regret
1829,admitted
1830,servant
1831,readily
1832,brings
1833,thigh
1834,permission
1835,writing
1836,practice
1837,twelve
1838,varying
1839,become
1840,latitude
1841,longitude
1842,twenty
1843,separate
1844,blank
1845,shores
1846,landlocked
1847,ese
1848,tomorrow
1849,finding
1850,bail
1851,desperate
1852,breathe
1853,intended
1854,charge
1855,details
1856,prospects
1857,march
1858,surprising
1859,sold
1860,deuce
1861,required
1862,discovered
1863,declare
1864,swabs
1865,named
1866,j
1867,t
1868,glee
1869,despised
1870,dusk
1871,building
1872,quays
1873,piping
1874,talked
1875,mention
1876,firm
1877,hasnt
1878,clapped
1879,exclaimed
1880,stupid
1881,judge
1882,thoroughly
1883,clever
1884,jaw
1885,hadnt
1886,messmates
1887,buttons
1888,cargo
1889,keel
1890,begging
1891,loose
1892,otherwise
1893,precautions
1894,believed
1895,downright
1896,sparred
1897,monkey
1898,miss
1899,forelock
1900,examining
1901,stowed
1902,weary
1903,shrill
1904,outright
1905,necessary
1906,advance
1907,trusted
1908,pinch
1909,trailing
1910,yarn
1911,providence
1912,smelt
1913,driven
1914,chin
1915,perished
1916,morrow
1917,whiff
1918,spray
1919,luff
1920,listening
1921,taint
1922,does
1923,wheres
1924,shame
1925,begged
1926,stole
1927,starved
1928,fling
1929,begin
1930,derisively
1931,agoing
1932,snapped
1933,wed
1934,execution
1935,pint
1936,prayers
1937,wring
1938,fill
1939,brightness
1940,southwest
1941,apart
1942,whose
1943,points
1944,asking
1945,kidds
1946,haul
1947,goats
1948,anxious
1949,cheer
1950,confess
1951,raisins
1952,servants
1953,lit
1954,covered
1955,tearing
1956,groaning
1957,tight
1958,boots
1959,chains
1960,plunge
1961,rivers
1962,anchored
1963,trunks
1964,slightest
1965,group
1966,example
1967,gloomy
1968,murder
1969,crews
1970,shoreside
1971,plunged
1972,unlike
1973,spreading
1974,borders
1975,tones
1976,closely
1977,dust
1978,lightly
1979,leaping
1980,security
1981,bloodstained
1982,grass
1983,portion
1984,spout
1985,prefer
1986,concealed
1987,wherever
1988,fancied
1989,showing
1990,stars
1991,clove
1992,pickaxe
1993,pinched
1994,genleman
1995,cannon
1996,bubbling
1997,river
1998,quest
1999,ought
2000,sheet
2001,harm
2002,mattress
2003,loading
2004,cognac
2005,latter
2006,aback
2007,rear
2008,oars
2009,trip
2010,laden
2011,shooting
2012,abraham
2013,stays
2014,overloaded
2015,gunwale
2016,westward
2017,straits
2018,washing
2019,sweeping
2020,slacken
2021,dodge
2022,instinct
2023,polite
2024,divided
2025,shots
2026,scattering
2027,hesitation
2028,stumbled
2029,aim
2030,angle
2031,climbing
2032,bent
2033,spread
2034,owner
2035,descended
2036,uncovered
2037,bolder
2038,wading
2039,roger
2040,gets
2041,pitched
2042,reports
2043,creeping
2044,dig
2045,sentry
2046,nature
2047,eaten
2048,waving
2049,sky
2050,vapour
2051,truce
2052,fixed
2053,neednt
2054,clap
2055,irons
2056,puncheon
2057,loopholes
2058,clearing
2059,dull
2060,hit
2061,supplied
2062,nightcap
2063,victory
2064,badly
2065,disgust
2066,scheme
2067,sunny
2068,foam
2069,lopsided
2070,tough
2071,hair
2072,thwart
2073,watchmen
2074,rays
2075,blackness
2076,missed
2077,spars
2078,forced
2079,drunken
2080,lamp
2081,herself
2082,degrees
2083,shout
2084,breakers
2085,billows
2086,sprays
2087,midst
2088,haulbowline
2089,mizzenmast
2090,elbow
2091,stretch
2092,wave
2093,treetops
2094,waves
2095,burn
2096,distressed
2097,entire
2098,jibs
2099,gained
2100,tiller
2101,redcap
2102,bulwark
2103,aft
2104,mainmast
2105,fruits
2106,stock
2107,mothers
2108,hash
2109,bosom
2110,cats
2111,starboard
2112,game
2113,involved
2114,cost
2115,cock
2116,lifes
2117,western
2118,thence
2119,bread
2120,jine
2121,treaty
2122,followers
2123,whispering
2124,gum
2125,size
2126,apprehension
2127,nice
2128,bungled
2129,gibbet
2130,hostage
2131,nodded
2132,clothing
2133,sperrit
2134,glances
2135,boards
2136,twopointed
2137,sabre
2138,pigtail
2139,soiled
2140,seasong
2141,tottering
2142,handspike
2143,handy
2144,trundled
2145,barrow
2146,bacon
2147,fierce
2148,mail
2149,chosen
2150,residence
2151,learn
2152,guest
2153,custom
2154,stare
2155,hip
2156,monstrous
2157,hedge
2158,ditch
2159,nightmares
2160,fancies
2161,anybody
2162,minding
2163,listen
2164,passion
2165,allow
2166,dreadful
2167,ruined
2168,shivering
2169,pretended
2170,stared
2171,hastened
2172,unhappy
2173,whatever
2174,patched
2175,snow
2176,folk
2177,eternal
2178,identical
2179,onelegged
2180,music
2181,glared
2182,addressing
2183,quit
2184,threatened
2185,pin
2186,grumbling
2187,beaten
2188,magistrate
2189,complaint
2190,routed
2191,bitter
2192,gales
2193,daily
2194,paying
2195,hilltops
2196,skirts
2197,laying
2198,tallowy
2199,motioned
2200,sonny
2201,mistaken
2202,peering
2203,cat
2204,sneering
2205,patted
2206,mell
2207,backed
2208,fears
2209,lump
2210,slammed
2211,marched
2212,spun
2213,sees
2214,evil
2215,gasp
2216,liking
2217,sideways
2218,tremendous
2219,clash
2220,hotly
2221,pursuing
2222,cutlasses
2223,heels
2224,fouled
2225,disgrace
2226,scuffle
2227,relief
2228,warned
2229,clearly
2230,gallows
2231,picture
2232,finger
2233,frown
2234,raise
2235,precisely
2236,grave
2237,hoist
2238,fainting
2239,medicines
2240,noggin
2241,dropping
2242,curses
2243,horrors
2244,hisself
2245,needed
2246,owe
2247,matey
2248,seamanly
2249,legs
2250,contrasted
2251,sadly
2252,uttered
2253,murmured
2254,nohow
2255,tip
2256,wandered
2257,weaker
2258,drugs
2259,probably
2260,distress
2261,ate
2262,walls
2263,alarming
2264,piped
2265,follow
2266,age
2267,positively
2268,gracious
2269,fist
2270,motionless
2271,senses
2272,peculiar
2273,flood
2274,sorrow
2275,booty
2276,unprotected
2277,remain
2278,grate
2279,footsteps
2280,moments
2281,bareheaded
2282,encouraged
2283,whence
2284,minutes
2285,windows
2286,consent
2287,frighten
2288,defend
2289,cowardice
2290,belonged
2291,thanks
2292,lawful
2293,foolhardiness
2294,venture
2295,watchers
2296,increase
2297,advanced
2298,whispered
2299,blackened
2300,coins
2301,suggested
2302,tore
2303,shirt
2304,seamans
2305,usage
2306,tar
2307,except
2308,carefully
2309,tin
2310,trinkets
2311,shells
2312,guilty
2313,underneath
2314,tied
2315,oilcloth
2316,papers
2317,jingle
2318,tapping
2319,obstinately
2320,rights
2321,oilskin
2322,packet
2323,groping
2324,lantern
2325,bridge
2326,bush
2327,broom
2328,paces
2329,mist
2330,trio
2331,issued
2332,remaining
2333,swore
2334,sounds
2335,overhauled
2336,scatter
2337,glim
2338,pounding
2339,kicked
2340,reechoed
2341,warn
2342,budge
2343,coward
2344,rich
2345,coach
2346,squalling
2347,completely
2348,miscreant
2349,raging
2350,tramp
2351,frenzy
2352,riders
2353,accident
2354,revenue
2355,officers
2356,salts
2357,continual
2358,bullet
2359,b
2360,theyve
2361,hunt
2362,majestys
2363,doggers
2364,knock
2365,maid
2366,dine
2367,lodge
2368,matted
2369,lined
2370,proportion
2371,nod
2372,slapped
2373,finished
2374,riding
2375,stamping
2376,cockroach
2377,trump
2378,ale
2379,pie
2380,sidetable
2381,complimented
2382,proud
2383,rascal
2384,clue
2385,medical
2386,scraps
2387,entries
2388,date
2389,sum
2390,seventy
2391,cause
2392,entry
2393,lasted
2394,larger
2395,additions
2396,scoundrels
2397,ambiguity
2398,clearer
2399,shaped
2400,marked
2401,ink
2402,information
2403,nne
2404,cache
2405,fathoms
2406,delight
2407,favourable
2408,duck
2409,credit
2410,theyll
2411,imagined
2412,prisoner
2413,charming
2414,approached
2415,climbed
2416,important
2417,fitted
2418,throughout
2419,merest
2420,monstrously
2421,wished
2422,publichouse
2423,hawke
2424,sleeping
2425,ho
2426,august
2427,pipes
2428,grumble
2429,repaired
2430,repainted
2431,clumsy
2432,setting
2433,afoot
2434,stage
2435,awakened
2436,ribs
2437,docks
2438,thither
2439,spiders
2440,figureheads
2441,ocean
2442,curled
2443,unknown
2444,dream
2445,dressed
2446,cloth
2447,opportunity
2448,crowd
2449,painted
2450,clouds
2451,customers
2452,dexterity
2453,favoured
2454,landlord
2455,offering
2456,harry
2457,mahoganyfaced
2458,happen
2459,confidential
2460,whisper
2461,runner
2462,convinced
2463,tells
2464,deadlights
2465,paint
2466,mariner
2467,broached
2468,peal
2469,wiping
2470,serious
2471,interesting
2472,toast
2473,general
2474,saluted
2475,earrings
2476,shipshape
2477,offence
2478,seems
2479,require
2480,bid
2481,ignorant
2482,slight
2483,doesnt
2484,garrison
2485,provided
2486,intention
2487,resign
2488,fable
2489,notions
2490,arrangement
2491,doubtful
2492,cleverness
2493,swivel
2494,hurrying
2495,hated
2496,methe
2497,glimmer
2498,dripping
2499,snatch
2500,happened
2501,marks
2502,drunkenness
2503,mystery
2504,saves
2505,lanyard
2506,bulkhead
2507,cooking
2508,rigged
2509,expressed
2510,reduced
2511,lions
2512,cage
2513,welcome
2514,flinti
2515,success
2516,rapidity
2517,forever
2518,wickedness
2519,malabar
2520,fishing
2521,viceroy
2522,indies
2523,innocent
2524,wiser
2525,solemn
2526,behaved
2527,married
2528,spoiled
2529,trades
2530,outward
2531,computation
2532,sundown
2533,helm
2534,waters
2535,asleep
2536,depended
2537,college
2538,comed
2539,walrus
2540,sink
2541,englands
2542,dunno
2543,pound
2544,lord
2545,hatches
2546,starving
2547,rogue
2548,hundreds
2549,shirts
2550,slep
2551,dainty
2552,weighed
2553,self
2554,spat
2555,hazed
2556,wines
2557,steer
2558,finish
2559,windward
2560,chapling
2561,athwart
2562,claim
2563,wet
2564,seemingly
2565,bilge
2566,keg
2567,pannikin
2568,destroyed
2569,foresail
2570,war
2571,norard
2572,mizzen
2573,usually
2574,boness
2575,hide
2576,coolness
2577,cruelty
2578,makes
2579,probable
2580,countenance
2581,request
2582,subsided
2583,warm
2584,conversation
2585,ass
2586,mischief
2587,yardarm
2588,reckoned
2589,counting
2590,prodigious
2591,train
2592,circumstances
2593,rely
2594,streaks
2595,clumps
2596,vegetation
2597,spires
2598,strangely
2599,statue
2600,banging
2601,fiercely
2602,hesitated
2603,dug
2604,wheeling
2605,swamps
2606,seas
2607,sniffing
2608,tasting
2609,threatening
2610,growling
2611,carelessly
2612,mend
2613,perceived
2614,spending
2615,advice
2616,civility
2617,features
2618,anxiety
2619,games
2620,hed
2621,confidence
2622,contributed
2623,foresheets
2624,lighter
2625,ahead
2626,branch
2627,heed
2628,willows
2629,bulrushes
2630,swampy
2631,dumb
2632,flowering
2633,boughs
2634,fen
2635,steaming
2636,screaming
2637,speakers
2638,foolhardy
2639,ambush
2640,fours
2641,thinks
2642,whered
2643,mistook
2644,yell
2645,brain
2646,disturbed
2647,winked
2648,conscience
2649,thatll
2650,hero
2651,alan
2652,stunning
2653,violence
2654,injured
2655,defenceless
2656,hilltop
2657,bells
2658,cruelly
2659,slain
2660,murderers
2661,liveoaks
2662,scattered
2663,stony
2664,gravel
2665,wise
2666,reappeared
2667,recollection
2668,glowed
2669,supplication
2670,rusty
2671,extraordinary
2672,various
2673,incongruous
2674,sore
2675,diet
2676,dreamed
2677,intervals
2678,childish
2679,apparently
2680,civil
2681,lowering
2682,solitude
2683,statement
2684,gasped
2685,ringleader
2686,toon
2687,nigh
2688,scarf
2689,benjamin
2690,rain
2691,prayer
2692,echoes
2693,bellowed
2694,goatskins
2695,considerable
2696,interval
2697,union
2698,cable
2699,silk
2700,space
2701,completed
2702,labour
2703,ammunition
2704,excellent
2705,nodding
2706,sternport
2707,biscuits
2708,principal
2709,consultation
2710,touched
2711,journey
2712,daring
2713,numbers
2714,range
2715,yous
2716,risking
2717,breadbags
2718,trim
2719,rippling
2720,angles
2721,leeward
2722,bombardment
2723,rowing
2724,nicely
2725,muzzle
2726,consequence
2727,echoed
2728,mustnt
2729,match
2730,process
2731,gig
2732,ebbtide
2733,delayed
2734,disaster
2735,drenched
2736,wade
2737,snatched
2738,provisions
2739,cracking
2740,unarmed
2741,handed
2742,cracked
2743,reloaded
2744,bleeding
2745,silently
2746,forgive
2747,somebody
2748,swollen
2749,british
2750,coil
2751,reentered
2752,months
2753,roar
2754,trial
2755,cannonade
2756,mission
2757,alexander
2758,owners
2759,hail
2760,hailing
2761,halt
2762,today
2763,observation
2764,balls
2765,hidingplace
2766,glowing
2767,regained
2768,warmly
2769,welcomed
2770,sunk
2771,framework
2772,slopes
2773,build
2774,stumps
2775,soil
2776,ferns
2777,flourished
2778,admixture
2779,rude
2780,desert
2781,snuffbox
2782,fifteen
2783,roaring
2784,camped
2785,unprovided
2786,packing
2787,pile
2788,wakened
2789,overhead
2790,tops
2791,kneedeep
2792,treacherous
2793,adding
2794,skill
2795,fence
2796,safely
2797,elbows
2798,bubbled
2799,immense
2800,complained
2801,treated
2802,mutineer
2803,blown
2804,lighted
2805,affydavy
2806,somewhere
2807,hazing
2808,flown
2809,wrath
2810,built
2811,draught
2812,resin
2813,bullets
2814,waved
2815,muttered
2816,arrangements
2817,rats
2818,doorway
2819,swarmed
2820,footing
2821,grasped
2822,firing
2823,knuckles
2824,dashed
2825,sunlight
2826,flashing
2827,missing
2828,agony
2829,field
2830,boarder
2831,survivors
2832,starting
2833,cooked
2834,groans
2835,maker
2836,torn
2837,muscles
2838,midday
2839,envy
2840,escapade
2841,thickest
2842,folly
2843,blaze
2844,rollers
2845,warily
2846,airs
2847,laughing
2848,plumage
2849,perched
2850,visible
2851,goodish
2852,exceedingly
2853,tent
2854,homemade
2855,floated
2856,fairer
2857,possessed
2858,truantry
2859,daylight
2860,shouldered
2861,lights
2862,reflection
2863,flowed
2864,ample
2865,leeway
2866,loomed
2867,blacker
2868,hull
2869,meditating
2870,lightened
2871,furiously
2872,burning
2873,verse
2874,singer
2875,cord
2876,commanded
2877,slice
2878,splash
2879,comprehend
2880,sufficient
2881,skiff
2882,smoky
2883,familiar
2884,lurch
2885,nay
2886,southward
2887,narrows
2888,ladder
2889,ended
2890,continually
2891,occasional
2892,bulk
2893,fringed
2894,masses
2895,ventured
2896,perils
2897,northward
2898,disposition
2899,changes
2900,interfered
2901,horribly
2902,vessels
2903,attitude
2904,visibly
2905,seawater
2906,northwest
2907,presently
2908,chase
2909,repetition
2910,banged
2911,batten
2912,skimming
2913,jib
2914,afterdeck
2915,planks
2916,groaned
2917,sliding
2918,canting
2919,moan
2920,dodging
2921,ruffians
2922,marshes
2923,bottles
2924,barrels
2925,warnt
2926,spose
2927,gives
2928,northern
2929,ends
2930,quieted
2931,northeast
2932,settling
2933,waste
2934,sperrits
2935,scuttled
2936,shoes
2937,precaution
2938,interests
2939,desired
2940,stranded
2941,junk
2942,asll
2943,gods
2944,bloody
2945,designed
2946,entrance
2947,certainty
2948,thickly
2949,wooded
2950,masts
2951,flowers
2952,natur
2953,stem
2954,manoeuvres
2955,interested
2956,peril
2957,sheep
2958,boxed
2959,nerve
2960,darting
2961,canted
2962,pool
2963,rattled
2964,assurance
2965,doubly
2966,heap
2967,painfully
2968,chuckle
2969,pinned
2970,huddled
2971,real
2972,murmur
2973,ached
2974,failed
2975,wavering
2976,tremulous
2977,bald
2978,fishes
2979,emptyhanded
2980,cleft
2981,careless
2982,guide
2983,fainter
2984,silvery
2985,peaceful
2986,pecking
2987,sleepers
2988,assured
2989,flushed
2990,recently
2991,wear
2992,thereupon
2993,loan
2994,yourselves
2995,overhung
2996,bygones
2997,witness
2998,affected
2999,bending
3000,returning
3001,church
3002,unruly
3003,remarked
3004,spitting
3005,removed
3006,living
3007,duskily
3008,kneeling
3009,pushed
3010,tipped
3011,hereand
3012,retorted
3013,ropes
3014,town
3015,insolence
3016,accused
3017,necks
3018,inexplicable
3019,surviving
3020,moren
3021,crown
3022,trace
3023,remains
3024,vengeance
3025,sentinel
3026,surrounded
3027,swallowed
3028,malaria
3029,flush
3030,kindness
3031,accomplices
3032,disarray
3033,forfeit
3034,squalls
3035,bidding
3036,treasurehunting
3037,cripple
3038,slung
3039,hunting
3040,nutmegtrees
3041,lend
3042,creeper
3043,pointing
3044,dollars
3045,allardyce
3046,natral
3047,praise
3048,dreadfully
3049,struggling
3050,tools
3051,downhill
3052,treasurehunters
3053,rifled
3054,pit
3055,wanderings
3056,salted
3057,fathom
3058,coin
3059,collection
3060,sorting
3061,comfort
3062,dreams
3063,booming
3064,write
3065,upright
3066,grace
3067,lodging
3068,yesterday
3069,plodding
3070,handbarrowa
3071,nutbrown
3072,ragged
3073,scarred
3074,livid
3075,tuned
3076,rapped
3077,connoisseur
3078,lingering
3079,sittyated
3080,grogshop
3081,eggs
3082,worked
3083,commander
3084,coarsely
3085,skipper
3086,accustomed
3087,inns
3088,foghorn
3089,stroll
3090,desirous
3091,curtained
3092,sharer
3093,promised
3094,applied
3095,wage
3096,repeat
3097,personage
3098,stormy
3099,forms
3100,diabolical
3101,expressions
3102,knee
3103,pursue
3104,monthly
3105,seasongs
3106,glasses
3107,fits
3108,overriding
3109,sleepy
3110,wereabout
3111,storms
3112,tortugas
3113,deeds
3114,wickedest
3115,language
3116,shocked
3117,tyrannized
3118,beds
3119,younger
3120,admire
3121,ruin
3122,staying
3123,exhausted
3124,insist
3125,mentioned
3126,wringing
3127,rebuff
3128,dress
3129,buy
3130,stockings
3131,hawker
3132,cocks
3133,patches
3134,decline
3135,patient
3136,stabling
3137,manners
3138,coltish
3139,filthy
3140,bleared
3141,scarecrow
3142,hethe
3143,isbegan
3144,angrily
3145,taylor
3146,gardener
3147,cure
3148,rheumatics
3149,brightened
3150,villainous
3151,ruffian
3152,replies
3153,awful
3154,claspknife
3155,balancing
3156,knuckled
3157,weapon
3158,district
3159,incivility
3160,tonights
3161,effectual
3162,evenings
3163,disappears
3164,mysterious
3165,events
3166,affairs
3167,winter
3168,frosts
3169,unpleasant
3170,january
3171,earlya
3172,pinching
3173,morningthe
3174,hoarfrost
3175,lapping
3176,stones
3177,earlier
3178,snort
3179,indignation
3180,breakfasttable
3181,fighter
3182,puzzled
3183,sailorly
3184,smack
3185,napkin
3186,leer
3187,cheekand
3188,fawning
3189,pride
3190,sonnydiscipline
3191,twicenot
3192,bills
3193,surprisebless
3194,observe
3195,loosened
3196,sheath
3197,swallowing
3198,fronted
3199,ghost
3200,mutilated
3201,breakfasttableblack
3202,keyholes
3203,gattling
3204,noisesthe
3205,chair
3206,streaming
3207,aimed
3208,fugitive
3209,chine
3210,intercepted
3211,notch
3212,frame
3213,unsteadied
3214,tap
3215,deary
3216,deathhurt
3217,tightly
3218,jaws
3219,fiddlesticks
3220,husband
3221,trebly
3222,worthless
3223,ripped
3224,sleeve
3225,sinewy
3226,tattooed
3227,neatly
3228,executed
3229,forearm
3230,sketch
3231,itdone
3232,lancet
3233,vein
3234,mistily
3235,unmistakable
3236,dragged
3237,headforemost
3238,acquaintance
3239,shortness
3240,diedo
3241,thatdie
3242,pillow
3243,consciencethe
3244,isthat
3245,cooling
3246,drinks
3247,cursing
3248,feeble
3249,aheaving
3250,earthquakeswhat
3251,thatand
3252,hulk
3253,bloodll
3254,pleading
3255,cain
3256,golden
3257,guinea
3258,quoted
3259,offended
3260,bribe
3261,greedily
3262,theyd
3263,nail
3264,anothers
3265,trick
3266,reef
3267,daddle
3268,grip
3269,spirited
3270,horseyou
3271,towell
3272,yes
3273,willto
3274,handsmagistrates
3275,sichand
3276,benbowall
3277,adying
3278,peach
3279,jimhim
3280,summons
3281,weathereye
3282,equals
3283,swoonlike
3284,repent
3285,confessions
3286,visits
3287,arranging
3288,meals
3289,supply
3290,scowling
3291,shocking
3292,mourning
3293,fathers
3294,regain
3295,clambered
3296,support
3297,confidences
3298,flighty
3299,allowing
3300,lovesong
3301,youth
3302,oclock
3303,foggy
3304,tapped
3305,shade
3306,hunched
3307,tattered
3308,seacloak
3309,hood
3310,deformed
3311,dreadfullooking
3312,singsong
3313,inform
3314,native
3315,englandand
3316,georgewhere
3317,softspoken
3318,eyeless
3319,gripped
3320,vise
3321,struggled
3322,withdraw
3323,sneered
3324,wrench
3325,sits
3326,cowed
3327,dazed
3328,twitch
3329,sickness
3330,accuracy
3331,nimbleness
3332,skipped
3333,taptaptapping
3334,gather
3335,released
3336,apoplexy
3337,moneyif
3338,anywas
3339,specimens
3340,inclined
3341,payment
3342,debts
3343,coals
3344,kitchen
3345,ticking
3346,neighbourhood
3347,detestable
3348,hovering
3349,resolved
3350,neighbouring
3351,gathering
3352,whither
3353,presumably
3354,hearken
3355,soundnothing
3356,wash
3357,croaking
3358,inmates
3359,candlelight
3360,cheered
3361,foryou
3362,themselvesno
3363,moreman
3364,childthey
3365,houses
3366,fieldwork
3367,strangers
3368,smugglers
3369,infectious
3370,emboldener
3371,fatherless
3372,hulking
3373,chickenhearted
3374,crossley
3375,saddled
3376,finely
3377,peered
3378,redly
3379,edges
3380,departure
3381,hedges
3382,noiseless
3383,panted
3384,sob
3385,message
3386,shockingly
3387,needles
3388,bitten
3389,crooked
3390,tinder
3391,overcoming
3392,repugnance
3393,triumph
3394,hurried
3395,initial
3396,smashed
3397,lid
3398,twinkling
3399,brushed
3400,folded
3401,miscellany
3402,begana
3403,quadrant
3404,canikin
3405,sticks
3406,foreign
3407,compasses
3408,indian
3409,boatcloak
3410,whitened
3411,seasalt
3412,harbourbar
3413,impatience
3414,dues
3415,farthing
3416,crossleys
3417,countries
3418,sizesdoubloons
3419,louis
3420,dors
3421,scarcest
3422,mouththe
3423,taptapping
3424,frozen
3425,recommenced
3426,indescribable
3427,gratitude
3428,suspicious
3429,hornets
3430,nest
3431,thankful
3432,fraction
3433,unwilling
3434,arguing
3435,picking
3436,dispersing
3437,veil
3438,advancing
3439,newcomers
3440,honesty
3441,greed
3442,sigh
3443,drag
3444,arch
3445,staymy
3446,sheltering
3447,arrive
3448,lanternbearer
3449,speeches
3450,afire
3451,eagerness
3452,rage
3453,shirking
3454,promptly
3455,astonishment
3456,slam
3457,someones
3458,innits
3459,agothey
3460,rout
3461,reiterated
3462,todo
3463,furniture
3464,nowhere
3465,trumpet
3466,summoning
3467,assault
3468,hillside
3469,firstyou
3470,lumber
3471,halfheartedly
3472,irresolute
3473,thousands
3474,skulking
3475,ita
3476,sponging
3477,weevil
3478,objections
3479,blindness
3480,wrest
3481,hamletthe
3482,galloping
3483,pistolshot
3484,separating
3485,slant
3486,panic
3487,revenge
3488,finally
3489,matesnot
3490,topped
3491,gallop
3492,error
3493,rider
3494,hoofs
3495,trampled
3496,spurned
3497,collapsed
3498,horrified
3499,tailing
3500,intelligence
3501,circumstance
3502,preservation
3503,deplore
3504,dismount
3505,grope
3506,dingle
3507,leading
3508,ambushes
3509,dispatch
3510,cutter
3511,trod
3512,smash
3513,moneybag
3514,righta
3515,thanked
3516,saddle
3517,bouncing
3518,trot
3519,dogger
3520,stirrup
3521,descend
3522,stirrupleather
3523,gates
3524,leafless
3525,moonlit
3526,avenue
3527,buildings
3528,gardens
3529,dismounted
3530,library
3531,bookcases
3532,busts
3533,bluff
3534,roughandready
3535,roughened
3536,reddened
3537,travels
3538,eyebrows
3539,stately
3540,condescending
3541,lesson
3542,striding
3543,powdered
3544,closecropped
3545,poll
3546,noble
3547,atrocious
3548,virtue
3549,perceive
3550,ring
3551,bell
3552,itching
3553,earned
3554,pigeon
3555,hungry
3556,hawk
3557,dismissed
3558,bloodthirstiest
3559,blackbeard
3560,spaniards
3561,prodigiously
3562,englishman
3563,topsails
3564,trinidad
3565,cowardly
3566,rumpuncheon
3567,backput
3568,villains
3569,carcasses
3570,confoundedly
3571,hotheaded
3572,exclamatory
3573,sewn
3574,instrument
3575,stitches
3576,scissors
3577,thingsa
3578,sport
3579,page
3580,idleness
3581,tattoo
3582,w
3583,snatches
3584,unintelligible
3585,instruction
3586,pages
3587,series
3588,accountbooks
3589,explanatory
3590,june
3591,explain
3592,cases
3593,record
3594,grand
3595,total
3596,appended
3597,blackhearted
3598,hounds
3599,accountbook
3600,towns
3601,plundered
3602,sums
3603,offe
3604,caraccas
3605,souls
3606,hercoral
3607,traveller
3608,amounts
3609,volume
3610,noted
3611,reducing
3612,seal
3613,seals
3614,soundings
3615,bays
3616,inlets
3617,fat
3618,dragon
3619,harbours
3620,inktwo
3621,southwestand
3622,tottery
3623,characters
3624,trend
3625,hummock
3626,crag
3627,sandhill
3628,jf
3629,incomprehensible
3630,timethree
3631,weekstwo
3632,weeksten
3633,dayswell
3634,choicest
3635,roll
3636,drake
3637,undertaking
3638,tonightbold
3639,blades
3640,sureand
3641,twothe
3642,plansnot
3643,himcould
3644,physician
3645,seadreams
3646,anticipations
3647,islands
3648,brooded
3649,housekeepers
3650,explored
3651,acre
3652,enjoyed
3653,savages
3654,animals
3655,tragic
3656,actual
3657,addition
3658,obeying
3659,foundfor
3660,reading
3661,printthe
3662,liveseyas
3663,bought
3664,sweeter
3665,schoonera
3666,hertwo
3667,tons
3668,literally
3669,slaved
3670,fortreasure
3671,interrupting
3672,attempts
3673,commentary
3674,management
3675,class
3676,prejudiced
3677,declaring
3678,absurdly
3679,highthe
3680,transparent
3681,calumnies
3682,merits
3683,workpeople
3684,sureriggers
3685,notwere
3686,annoyingly
3687,cured
3688,troubled
3689,menin
3690,natives
3691,odious
3692,frenchand
3693,worry
3694,touchedso
3695,beenand
3696,pure
3697,regarded
3698,recommendation
3699,countrys
3700,immortal
3701,pension
3702,toughest
3703,imaginablenot
3704,indomitable
3705,frigate
3706,freshwater
3707,importance
3708,magnificent
3709,bull
3710,tarpaulins
3711,tramping
3712,glory
3713,respect
3714,postscripti
3715,mastera
3716,respects
3717,unearthed
3718,competent
3719,manowar
3720,fashion
3721,substance
3722,bankers
3723,overdrawn
3724,bachelors
3725,excused
3726,guessing
3727,sends
3728,roving
3729,ppshawkins
3730,lament
3731,undergamekeepers
3732,gladly
3733,law
3734,discomfort
3735,troubling
3736,public
3737,rooms
3738,furnitureabove
3739,armchair
3740,apprentice
3741,opportunities
3742,profit
3743,benbowsince
3744,cocked
3745,sabrecut
3746,heath
3747,wedged
3748,motion
3749,dozed
3750,dale
3751,punch
3752,city
3753,superintend
3754,multitude
3755,sizes
3756,rigs
3757,nations
3758,threads
3759,thicker
3760,rings
3761,whiskers
3762,ringlets
3763,pigtails
3764,swaggering
3765,seawalk
3766,archbishops
3767,delighted
3768,pigtailed
3769,delightful
3770,seaofficer
3771,capital
3772,imitation
3773,bravo
3774,breakfasting
3775,overjoyed
3776,carts
3777,bales
3778,busiest
3779,entertainment
3780,newly
3781,curtains
3782,cleanly
3783,sanded
3784,hopping
3785,hamplain
3786,intelligent
3787,cheerful
3788,guests
3789,likea
3790,pleasanttempered
3791,customer
3792,attracted
3793,tallowfaced
3794,coppers
3795,pursuit
3796,relinquishing
3797,morganan
3798,greyhaired
3799,sailorcame
3800,sheepishly
3801,sternly
3802,blackblack
3803,mixed
3804,jawingvyages
3805,capns
3806,atalkin
3807,suitable
3808,flattering
3809,seeblack
3810,iveyes
3811,shark
3812,therell
3813,bens
3814,keelhauling
3815,keelhaul
3816,jerking
3817,phrases
3818,stumping
3819,slapping
3820,bailey
3821,reawakened
3822,narrowly
3823,confessed
3824,track
3825,scolded
3826,thieves
3827,innocence
3828,trelawneywhats
3829,confounded
3830,dutchman
3831,justice
3832,hobble
3833,bench
3834,seacalf
3835,rated
3836,cockerel
3837,mes
3838,smartnone
3839,joke
3840,obliged
3841,mirth
3842,rig
3843,tonnage
3844,nationality
3845,explaining
3846,forwardhow
3847,discharging
3848,seaand
3849,anecdote
3850,repeating
3851,nautical
3852,phrase
3853,finishing
3854,quart
3855,inspection
3856,regretted
3857,departed
3858,discoveries
3859,suits
3860,sterns
3861,cables
3862,grated
3863,squint
3864,sharplooking
3865,axing
3866,messenger
3867,employer
3868,explanation
3869,treasurehear
3870,ticklish
3871,voyages
3872,itlife
3873,choosing
3874,unintentional
3875,himselfshouldnt
3876,patiently
3877,therefirst
3878,bringing
3879,berthed
3880,cabinsecond
3881,blabbing
3882,protestations
3883,talker
3884,justified
3885,responsible
3886,remind
3887,discharged
3888,youthat
3889,intolerable
3890,humbug
3891,unmanly
3892,unsailorly
3893,yohoing
3894,superintending
3895,afterpart
3896,cabins
3897,originally
3898,occupy
3899,enlarged
3900,roundhouse
3901,hammocks
3902,benefit
3903,opinion
3904,shoreboat
3905,achanging
3906,answers
3907,shortly
3908,shifting
3909,amidships
3910,favourites
3911,assure
3912,deeply
3913,boatfuls
3914,dogtired
3915,dawn
3916,capstanbars
3917,bustling
3918,lanterns
3919,drove
3920,exciting
3921,shipping
3922,flit
3923,slumber
3924,relate
3925,detail
3926,prosperous
3927,capable
3928,hazy
3929,stuttering
3930,bunk
3931,attend
3932,passably
3933,solve
3934,solemnly
3935,tasted
3936,amongst
3937,likeliest
3938,title
3939,useful
3940,careful
3941,wily
3942,experienced
3943,confidant
3944,leads
3945,wedge
3946,yielding
3947,heaviest
3948,widest
3949,spaceslong
3950,using
3951,quickly
3952,schooling
3953,bravea
3954,grapple
3955,togetherhim
3956,respected
3957,everybody
3958,unweariedly
3959,dishes
3960,burnished
3961,buccaneerheres
3962,predicting
3963,vyage
3964,hawkinsthey
3965,anybodys
3966,madagascar
3967,surinam
3968,portobello
3969,wrecked
3970,plate
3971,boarding
3972,goa
3973,babby
3974,powderdidnt
3975,sugar
3976,peck
3977,passing
3978,mucked
3979,swearing
3980,owned
3981,qualities
3982,noah
3983,duff
3984,birthday
3985,apples
3986,devils
3987,afteri
3988,plainand
3989,largest
3990,latest
3991,heading
3992,ssw
3993,abeam
3994,dipping
3995,bravest
3996,excepting
3997,swish
3998,rocking
3999,surgeon
4000,ampytated
4001,meout
4002,alllatin
4003,bucket
4004,sundried
4005,corso
4006,castle
4007,roberts
4008,shipsroyal
4009,christened
4010,cassandra
4011,amuck
4012,youngest
4013,admiration
4014,flower
4015,flock
4016,mastall
4017,earning
4018,duffbeen
4019,spends
4020,parliament
4021,throats
4022,itthat
4023,flattery
4024,fightingcocks
4025,farthings
4026,anywheres
4027,suspicion
4028,denied
4029,desires
4030,darent
4031,missis
4032,lease
4033,goodwill
4034,rigging
4035,girls
4036,itd
4037,jealousy
4038,trusts
4039,cableone
4040,meanit
4041,roughest
4042,afloat
4043,boasting
4044,lambs
4045,finer
4046,figurehead
4047,corruption
4048,handsperhaps
4049,strolled
4050,knowd
4051,bumboat
4052,amost
4053,pickles
4054,firstrate
4055,suchi
4056,sons
4057,dutchmen
4058,navigate
4059,miscalculations
4060,spoonful
4061,soons
4062,blunts
4063,likes
4064,acrossin
4065,drying
4066,carriages
4067,mouthful
4068,fun
4069,beggarman
4070,admiringly
4071,maroons
4072,manim
4073,votedeath
4074,parlyment
4075,sealawyers
4076,acoming
4077,unlooked
4078,claimi
4079,calfs
4080,limbs
4081,alike
4082,misgave
4083,stow
4084,sucking
4085,gauge
4086,cooks
4087,gathered
4088,tended
4089,clause
4090,themll
4091,hence
4092,drankone
4093,prizes
4094,silvering
4095,mizzentop
4096,slipping
4097,dived
4098,congregated
4099,simultaneously
4100,conical
4101,issuing
4102,sheeted
4103,watered
4104,trader
4105,islet
4106,foremast
4107,row
4108,southardfore
4109,mainthats
4110,itthey
4111,cleaning
4112,cleaned
4113,doomed
4114,accurate
4115,copy
4116,thingsnames
4117,heights
4118,soundingswith
4119,exception
4120,notes
4121,prettily
4122,drawed
4123,capt
4124,anchoragejust
4125,careen
4126,avowed
4127,halffrightened
4128,duplicity
4129,islanda
4130,bathe
4131,climb
4132,toes
4133,exploring
4134,snack
4135,clapping
4136,friendliest
4137,quarterdeck
4138,interrupt
4139,openly
4140,casting
4141,slave
4142,pretence
4143,rejoined
4144,communicated
4145,openhanded
4146,seacheer
4147,followedthat
4148,plotting
4149,lap
4150,agitated
4151,poured
4152,await
4153,signs
4154,remarkably
4155,grandly
4156,usat
4157,treasures
4158,pleasanter
4159,shy
4160,noticing
4161,twentysix
4162,threemy
4163,becalmed
4164,greycoloured
4165,tint
4166,sandbreak
4167,outtopping
4168,otherssome
4169,singly
4170,colouring
4171,uniform
4172,naked
4173,tallest
4174,likewise
4175,strangest
4176,configuration
4177,pedestal
4178,booms
4179,creaking
4180,manufactory
4181,cling
4182,backstay
4183,giddily
4184,qualm
4185,stomach
4186,thisperhaps
4187,melancholy
4188,foaming
4189,beachat
4190,onward
4191,dreary
4192,mornings
4193,warped
4194,haven
4195,volunteered
4196,sweltering
4197,willingly
4198,relaxed
4199,cords
4200,steersman
4201,conned
4202,everywhere
4203,scour
4204,mainland
4205,highwater
4206,amphitheatre
4207,emptied
4208,pond
4209,poisonous
4210,beaches
4211,stagnant
4212,anchoragea
4213,sodden
4214,rotting
4215,egg
4216,truly
4217,grudgingly
4218,infection
4219,thundercloud
4220,outstripped
4221,willingness
4222,smiles
4223,cheeriest
4224,discontent
4225,shipll
4226,pikes
4227,smother
4228,tiff
4229,silverll
4230,mild
4231,sorts
4232,ashorell
4233,nobodythe
4234,silly
4235,shins
4236,sulks
4237,faraway
4238,arrange
4239,rebellious
4240,handsand
4241,boardmust
4242,disaffected
4243,ringleadersonly
4244,skulk
4245,thirteen
4246,including
4247,embark
4248,mad
4249,equally
4250,jiffy
4251,raced
4252,ducking
4253,marshy
4254,tract
4255,outlandish
4256,undulating
4257,contorted
4258,oak
4259,growth
4260,quaint
4261,craggy
4262,vividly
4263,exploration
4264,uninhabited
4265,brutes
4266,fowls
4267,hither
4268,plants
4269,snakes
4270,ledge
4271,hissed
4272,oaklike
4273,treeslive
4274,evergreen
4275,oaks
4276,calledwhich
4277,brambles
4278,curiously
4279,twisted
4280,compact
4281,thatch
4282,knolls
4283,taller
4284,reedy
4285,soaked
4286,outline
4287,haze
4288,quack
4289,circling
4290,deceived
4291,liveoak
4292,squatted
4293,hearkening
4294,earnestly
4295,distinct
4296,neglecting
4297,desperadoes
4298,overhear
4299,councils
4300,crouching
4301,intruders
4302,aperture
4303,blond
4304,yougold
4305,awarning
4306,upyou
4307,aspeaking
4308,uns
4309,tomnow
4310,manand
4311,crow
4312,lots
4313,mess
4314,agin
4315,handswell
4316,longdrawn
4317,troop
4318,marshbirds
4319,darkening
4320,simultaneous
4321,whirr
4322,reestablished
4323,empire
4324,rustle
4325,redescending
4326,surges
4327,languor
4328,spur
4329,resting
4330,snake
4331,stretching
4332,yard
4333,trained
4334,gymnast
4335,heavens
4336,warier
4337,pinpoint
4338,gleaming
4339,crumb
4340,defies
4341,destined
4342,armpit
4343,uncouth
4344,missile
4345,hurtling
4346,agile
4347,pant
4348,swam
4349,whirling
4350,topsyturvy
4351,monster
4352,sward
4353,murderer
4354,whit
4355,cleansing
4356,wisp
4357,unchanged
4358,mercilessly
4359,pinnacle
4360,persuade
4361,modulated
4362,blasts
4363,heated
4364,extricate
4365,hails
4366,lent
4367,wings
4368,fiends
4369,crime
4370,snipes
4371,evidence
4372,fatal
4373,starvation
4374,widely
4375,forest
4376,dimensions
4377,freshly
4378,standstill
4379,thumping
4380,dislodged
4381,bounding
4382,instinctively
4383,shaggy
4384,apparition
4385,lurking
4386,nondescript
4387,dangers
4388,retrace
4389,circuit
4390,contend
4391,adversary
4392,flitted
4393,deer
4394,manlike
4395,recall
4396,cannibals
4397,ace
4398,revive
4399,method
4400,resolutely
4401,clasped
4402,awkward
4403,pleasing
4404,burnt
4405,startling
4406,beggarmen
4407,chief
4408,raggedness
4409,clothed
4410,tatters
4411,seacloth
4412,patchwork
4413,system
4414,fastenings
4415,loops
4416,gaskin
4417,brassbuckled
4418,leather
4419,solid
4420,accoutrement
4421,punishment
4422,offender
4423,desolate
4424,berries
4425,oysters
4426,mightnt
4427,manys
4428,cheesetoasted
4429,mostlyand
4430,woke
4431,smoothing
4432,generally
4433,perked
4434,slyness
4435,hinder
4436,youwhat
4437,motherto
4438,hadremarkable
4439,catechism
4440,chuckfarthen
4441,gravestones
4442,furthern
4443,predicked
4444,piety
4445,thimbleful
4446,crazy
4447,tightened
4448,forefinger
4449,threateningly
4450,inspiration
4451,ally
4452,methere
4453,manwith
4454,predicament
4455,keenest
4456,gunnben
4457,liberalminded
4458,helphim
4459,liberal
4460,gate
4461,livery
4462,shrewdness
4463,alongsix
4464,cutwater
4465,deaddead
4466,leastwayshim
4467,shell
4468,displeased
4469,spade
4470,neitherthats
4471,saythe
4472,nip
4473,confidencea
4474,thatin
4475,marooned
4476,trotted
4477,theers
4478,mastheaded
4479,mountings
4480,mounds
4481,prayed
4482,nows
4483,thens
4484,sunday
4485,doo
4486,chapel
4487,shorthandedno
4488,expecting
4489,receiving
4490,cannonshot
4491,flutter
4492,fourthe
4493,abandoned
4494,onethree
4495,phrasethat
4496,helplessness
4497,seams
4498,nasty
4499,stench
4500,dysentery
4501,guarding
4502,discussing
4503,differently
4504,hark
4505,bend
4506,steered
4507,primed
4508,enclosing
4509,loopholed
4510,musketry
4511,paling
4512,opening
4513,besiegers
4514,partridges
4515,regiment
4516,overlookedwe
4517,deathi
4518,highness
4519,duke
4520,cumberland
4521,fontenoybut
4522,pulse
4523,dot
4524,soldier
4525,dillydally
4526,nighhand
4527,accomplishment
4528,protection
4529,tins
4530,bags
4531,kegs
4532,invaluable
4533,description
4534,fainthearted
4535,aroused
4536,destroy
4537,provision
4538,themone
4539,musketshunter
4540,pausing
4541,bestowed
4542,sculled
4543,risked
4544,flattered
4545,halfdozen
4546,faintness
4547,painter
4548,apiece
4549,faintly
4550,halloaing
4551,eastward
4552,retreated
4553,counter
4554,handier
4555,grayits
4556,jollyboats
4557,fifth
4558,gallipot
4559,gravely
4560,themtrelawney
4561,captainover
4562,lipping
4563,breeches
4564,tails
4565,soaking
4566,evenly
4567,makinga
4568,southard
4569,proper
4570,keeps
4571,swamping
4572,pleasebear
4573,experiment
4574,upstream
4575,whereas
4576,currents
4577,aready
4578,treat
4579,fort
4580,tarpaulin
4581,axe
4582,hoarsely
4583,direct
4584,steerage
4585,necessarily
4586,goal
4587,offered
4588,target
4589,barn
4590,brandyfaced
4591,plumping
4592,contrived
4593,slewed
4594,rammer
4595,stooped
4596,trooping
4597,carpet
4598,bowls
4599,ladys
4600,headway
4601,strokes
4602,disclosed
4603,clustering
4604,reparation
4605,delaying
4606,assailants
4607,source
4608,facing
4609,headers
4610,bandoleer
4611,uppermost
4612,concern
4613,halfcrippled
4614,casea
4615,valet
4616,strip
4617,footfalls
4618,branches
4619,breasted
4620,exchanged
4621,knit
4622,brows
4623,mutineersjob
4624,headappeared
4625,southwestern
4626,reloading
4627,deadshot
4628,rejoice
4629,attention
4630,readiness
4631,suffered
4632,molestation
4633,hoisted
4634,acquiescence
4635,trojan
4636,doggedly
4637,oldest
4638,sullen
4639,serviceable
4640,kissed
4641,lick
4642,respectful
4643,apologetically
4644,wonderfully
4645,storesthe
4646,stoutish
4647,logbook
4648,longish
4649,firtree
4650,felled
4651,trimmed
4652,mightily
4653,relieve
4654,existed
4655,toms
4656,reverently
4657,maynt
4658,divinity
4659,calculate
4660,scratching
4661,allowance
4662,gifts
4663,shortso
4664,extra
4665,plumped
4666,damage
4667,invisible
4668,aiming
4669,policy
4670,ricochet
4671,horseplay
4672,cricket
4673,volunteers
4674,israels
4675,gunnery
4676,sternsheets
4677,magazine
4678,david
4679,carpenters
4680,richard
4681,landsmenbeing
4682,companywith
4683,thomas
4684,landsman
4685,james
4686,hullo
4687,genlemen
4688,headpiece
4689,barring
4690,silversilver
4691,goingnot
4692,confidenceand
4693,nips
4694,wheer
4695,anxiously
4696,mainstay
4697,sell
4698,thered
4699,widders
4700,cannonball
4701,frequent
4702,crashing
4703,terrifying
4704,missiles
4705,oftenest
4706,detour
4707,rustling
4708,ruffling
4709,tracts
4710,chilled
4711,rogerthe
4712,piracyflying
4713,clattering
4714,demolishing
4715,axes
4716,stockadethe
4717,children
4718,encloses
4719,halfwater
4720,isolated
4721,peculiarly
4722,skirted
4723,shoreward
4724,unsquared
4725,pineroof
4726,welled
4727,artificial
4728,kindno
4729,slab
4730,hearth
4731,basket
4732,contain
4733,lofty
4734,washed
4735,drift
4736,removal
4737,streamlet
4738,moss
4739,stockadetoo
4740,saidthe
4741,dense
4742,fir
4743,chink
4744,sprinkled
4745,suppers
4746,porridge
4747,boil
4748,chimney
4749,eddied
4750,coughing
4751,unburied
4752,stark
4753,blues
4754,watches
4755,lending
4756,smoked
4757,whenever
4758,biting
4759,sane
4760,snuff
4761,parmesan
4762,cheesea
4763,italy
4764,nutritious
4765,chiefs
4766,discuss
4767,wits
4768,surrender
4769,leastthe
4770,gunseverely
4771,extremest
4772,alliesrum
4773,climate
4774,staked
4775,remedies
4776,backs
4777,buccaneering
4778,breakfasted
4779,rubbing
4780,embassy
4781,placidly
4782,coldest
4783,ina
4784,pierced
4785,marrow
4786,cloudless
4787,rosily
4788,lieutenant
4789,morass
4790,tale
4791,damp
4792,feverish
4793,unhealthy
4794,indoors
4795,lively
4796,emphasis
4797,submit
4798,itll
4799,attempting
4800,cavalier
4801,absurd
4802,vigour
4803,surmounting
4804,lasses
4805,steepness
4806,incline
4807,arrived
4808,handsomest
4809,style
4810,tricked
4811,laced
4812,cookand
4813,handsomeor
4814,bidden
4815,handspikeend
4816,shookmaybe
4817,sentrygo
4818,riddle
4819,guessed
4820,inkling
4821,fourteen
4822,itthats
4823,husky
4824,particle
4825,calmly
4826,abe
4827,blazes
4828,nettled
4829,limits
4830,consider
4831,seein
4832,stopping
4833,stoving
4834,choice
4835,scores
4836,divide
4837,handsomer
4838,ashes
4839,engage
4840,sovereigns
4841,jones
4842,shiptheres
4843,usgray
4844,foulest
4845,imprecations
4846,stove
4847,diell
4848,ploughed
4849,failures
4850,slunk
4851,fontenoy
4852,flea
4853,redhot
4854,outnumbered
4855,drub
4856,rounds
4857,pilestables
4858,sayone
4859,defenders
4860,ranged
4861,firebasket
4862,smothered
4863,serve
4864,expose
4865,shotyou
4866,ports
4867,girdle
4868,vapours
4869,baking
4870,melting
4871,logs
4872,jackets
4873,coats
4874,flung
4875,doldrums
4876,alert
4877,straining
4878,eyesthe
4879,musketeers
4880,balanced
4881,geese
4882,vanished
4883,bough
4884,gleam
4885,musketbarrel
4886,betrayed
4887,foes
4888,flashestwo
4889,togetherone
4890,northseven
4891,developed
4892,annoyed
4893,hostilities
4894,crossing
4895,argued
4896,shoot
4897,stronghold
4898,huzza
4899,rifle
4900,boarders
4901,monkeys
4902,forwards
4903,fled
4904,defences
4905,encourage
4906,marksmen
4907,mound
4908,handsall
4909,hunters
4910,wrenched
4911,senseless
4912,unharmed
4913,reversed
4914,comparative
4915,flashes
4916,pistolshots
4917,groan
4918,snatching
4919,assailant
4920,sprawling
4921,slash
4922,hurlyburly
4923,mechanically
4924,eastwards
4925,hanger
4926,impending
4927,trice
4928,headlong
4929,sallied
4930,swarming
4931,posture
4932,disposed
4933,scaled
4934,unaccounted
4935,clambering
4936,unheeded
4937,attacking
4938,recommence
4939,price
4940,stunned
4941,fivemy
4942,mutineersnot
4943,breathedthat
4944,consciousness
4945,lingered
4946,apoplectic
4947,crushed
4948,skull
4949,fractured
4950,wounds
4951,grievous
4952,organ
4953,fatally
4954,andersons
4955,ballfor
4956,firsthad
4957,shoulderblade
4958,lung
4959,displaced
4960,calf
4961,accidental
4962,fleabite
4963,plaster
4964,girt
4965,consulting
4966,thunderstruck
4967,occurrence
4968,stifling
4969,patch
4970,ablaze
4971,grilling
4972,bodies
4973,breadbag
4974,foolish
4975,overbold
4976,befall
4977,powderhorn
4978,divides
4979,ascertain
4980,helping
4981,bandages
4982,continuous
4983,grinding
4984,draughts
4985,horizon
4986,external
4987,enjoyment
4988,ridge
4989,variable
4990,leaden
4991,mirror
4992,portrayed
4993,truck
4994,waterline
4995,sternsheetshim
4996,recognizewhile
4997,capthe
4998,stridelegs
4999,distanceupwards
5000,milei
5001,unearthly
5002,masters
5003,collecting
5004,eighth
5005,scrub
5006,turf
5007,underwood
5008,plentifully
5009,gipsies
5010,boathomemade
5011,covering
5012,goatskin
5013,extremely
5014,fullsized
5015,stretcher
5016,propulsion
5017,ancient
5018,britons
5019,portable
5020,fond
5021,adrift
5022,repulse
5023,prevent
5024,dwindled
5025,absolute
5026,groped
5027,stumblingly
5028,supped
5029,defeated
5030,carousing
5031,blur
5032,indicated
5033,ebbher
5034,merely
5035,ankle
5036,retreating
5037,downwards
5038,coracleas
5039,herwas
5040,buoyant
5041,seaway
5042,crossgrained
5043,manoeuvre
5044,fairway
5045,blot
5046,brisker
5047,bowstring
5048,chattered
5049,seagully
5050,humming
5051,kicking
5052,abandon
5053,design
5054,nightfall
5055,puff
5056,dip
5057,strand
5058,sever
5059,gunner
5060,divined
5061,tipsy
5062,hailstones
5063,crisis
5064,result
5065,droning
5066,droop
5067,quaver
5068,patience
5069,ditty
5070,dolefully
5071,appropriate
5072,losses
5073,callous
5074,sidled
5075,fibres
5076,wrought
5077,fiend
5078,expected
5079,swamped
5080,push
5081,neighbour
5082,impulsion
5083,infinite
5084,gliding
5085,fetched
5086,level
5087,treading
5088,innumerable
5089,incessant
5090,weltering
5091,windowsill
5092,unsteady
5093,locked
5094,wrestle
5095,encrimsoned
5096,endless
5097,ballad
5098,diminished
5099,yawed
5100,combing
5101,bristling
5102,slightly
5103,phosphorescent
5104,whirled
5105,stagger
5106,toss
5107,glanced
5108,quickening
5109,muttering
5110,yaw
5111,drunkards
5112,devoutly
5113,recommended
5114,wetted
5115,ceasing
5116,weariness
5117,numbness
5118,stupor
5119,supervened
5120,seatossed
5121,spouted
5122,reverberations
5123,scale
5124,beetling
5125,crags
5126,letting
5127,slimy
5128,monsterssoft
5129,snails
5130,bignesstwo
5131,barkings
5132,harmless
5133,starve
5134,confront
5135,capecape
5136,chartburied
5137,sets
5138,preferred
5139,reserve
5140,attempt
5141,kindlierlooking
5142,contrariety
5143,securely
5144,heaving
5145,bounce
5146,springs
5147,subside
5148,trough
5149,paddling
5150,giddy
5151,whereupon
5152,reaching
5153,baled
5154,seacap
5155,study
5156,glossy
5157,valleys
5158,threaded
5159,parts
5160,avoided
5161,toppling
5162,summits
5163,disturb
5164,shove
5165,tiring
5166,gain
5167,infallibly
5168,easting
5169,promontory
5170,fail
5171,tortured
5172,thirst
5173,thousandfold
5174,dried
5175,caking
5176,combined
5177,ache
5178,longing
5179,conclusion
5180,presumed
5181,skipping
5182,swoops
5183,dashes
5184,idly
5185,flapping
5186,equal
5187,latters
5188,intermittent
5189,inspired
5190,breaker
5191,caution
5192,unsteered
5193,fluttering
5194,guided
5195,gaining
5196,glisten
5197,decks
5198,chose
5199,mestanding
5200,headed
5201,yawing
5202,trundling
5203,naturally
5204,revolved
5205,presented
5206,gaping
5207,drooped
5208,banner
5209,stockstill
5210,redoubling
5211,efforts
5212,impulse
5213,meround
5214,thirds
5215,quarters
5216,separated
5217,boiling
5218,forefoot
5219,immensely
5220,station
5221,thinkscarce
5222,jibboom
5223,lodged
5224,panting
5225,charged
5226,reverse
5227,swabbed
5228,sickening
5229,mainboom
5230,inboard
5231,crucifix
5232,tan
5233,tallow
5234,bucking
5235,sidling
5236,vicious
5237,filling
5238,heavier
5239,butwhat
5240,ghastly
5241,beholdneither
5242,teethdisclosing
5243,grin
5244,frayed
5245,ringlet
5246,whisker
5247,splashes
5248,writhed
5249,ironically
5250,express
5251,utter
5252,lurched
5253,lockfast
5254,mud
5255,consult
5256,bulkheads
5257,beaded
5258,gilt
5259,pattern
5260,dozens
5261,clinked
5262,books
5263,gutted
5264,pipelights
5265,obscure
5266,umber
5267,cellar
5268,foraging
5269,pickled
5270,bunch
5271,waterbreaker
5272,gill
5273,grunted
5274,barked
5275,turns
5276,indicating
5277,anyhow
5278,sourly
5279,lines
5280,chucked
5281,keenly
5282,slyly
5283,appetite
5284,feebly
5285,corpse
5286,rank
5287,irelanderthis
5288,isas
5289,hint
5290,fars
5291,ankecher
5292,tie
5293,infernal
5294,chice
5295,hopes
5296,subsiding
5297,permitted
5298,lashed
5299,aid
5300,stab
5301,straighter
5302,admirably
5303,skimmed
5304,bowling
5305,sparsely
5306,dwarf
5307,rocky
5308,elated
5309,sunshiny
5310,smitten
5311,conquest
5312,weaknessa
5313,haggard
5314,grain
5315,derision
5316,craftily
5317,serving
5318,easier
5319,trials
5320,uncomfortable
5321,particlar
5322,rule
5323,ornamental
5324,unlucky
5325,blinking
5326,hispaniolaa
5327,nowhes
5328,scholar
5329,unfortnateappears
5330,killing
5331,parties
5332,howsomever
5333,awell
5334,ashiver
5335,jimthis
5336,brandys
5337,unnatural
5338,preferring
5339,disbelieved
5340,pretext
5341,deckso
5342,flitting
5343,embarrassed
5344,deception
5345,densely
5346,obviously
5347,movedfor
5348,stifle
5349,groanyet
5350,trailed
5351,discoloured
5352,thrusting
5353,hastily
5354,concealing
5355,victim
5356,afterwardswhether
5357,trusting
5358,himwas
5359,sheltered
5360,considered
5361,spared
5362,stolen
5363,reappearance
5364,eyelids
5365,lowered
5366,swig
5367,sin
5368,mercy
5369,solemnity
5370,foul
5371,knives
5372,goodness
5373,strikes
5374,thems
5375,viewsamen
5376,foolery
5377,tides
5378,navigation
5379,delicate
5380,shoal
5381,handled
5382,subaltern
5383,pilot
5384,dodged
5385,shaving
5386,neatness
5387,behold
5388,narrower
5389,estuary
5390,stages
5391,dilapidation
5392,injuries
5393,webs
5394,seaweed
5395,root
5396,pet
5397,paw
5398,ablowing
5399,garding
5400,littlesosteadystarboardlarboard
5401,breathlessly
5402,hitherto
5403,craning
5404,struggle
5405,disquietude
5406,creak
5407,charging
5408,bullys
5409,leapt
5410,trapped
5411,trigger
5412,hammer
5413,neglect
5414,reprimed
5415,weapons
5416,fleeing
5417,butcher
5418,grizzled
5419,ensign
5420,inclination
5421,simply
5422,inches
5423,experience
5424,eternity
5425,placed
5426,palms
5427,bigness
5428,waited
5429,feints
5430,corresponding
5431,movements
5432,played
5433,wildly
5434,elderly
5435,spin
5436,ultimate
5437,staggered
5438,fortyfive
5439,splashed
5440,scupper
5441,holes
5442,capsized
5443,stiffly
5444,foe
5445,upward
5446,upturned
5447,recharge
5448,afresh
5449,employment
5450,dice
5451,brains
5452,working
5453,laborious
5454,newfound
5455,wearing
5456,perplexity
5457,dagger
5458,unmoved
5459,articles
5460,younker
5461,conceited
5462,pang
5463,momenti
5464,volition
5465,conscious
5466,aimboth
5467,escaped
5468,choked
5469,loosed
5470,owing
5471,perch
5472,lather
5473,quivering
5474,drowned
5475,slaughter
5476,sufferings
5477,pulses
5478,desisted
5479,oddly
5480,faster
5481,tacked
5482,jerk
5483,overhanging
5484,lately
5485,pained
5486,bled
5487,freely
5488,gall
5489,passengerthe
5490,ungainly
5491,puppet
5492,lifesize
5493,comeliness
5494,habit
5495,tragical
5496,sack
5497,bran
5498,sounding
5499,floating
5500,patterns
5501,sprung
5502,warded
5503,cordage
5504,doused
5505,outboard
5506,meddle
5507,halyards
5508,belly
5509,downhall
5510,extent
5511,accomplish
5512,shadowthe
5513,glade
5514,jewels
5515,flowery
5516,mantle
5517,fleeting
5518,beamends
5519,scrambled
5520,shallow
5521,boast
5522,achievements
5523,possibly
5524,recapture
5525,clenching
5526,homeward
5527,easterly
5528,twopeaked
5529,spurs
5530,midcalf
5531,watercourse
5532,encountered
5533,circumspectly
5534,aware
5535,radiance
5536,destination
5537,tripping
5538,pits
5539,moonbeams
5540,alighted
5541,impatiently
5542,thoughtless
5543,slacked
5544,districts
5545,darkenedas
5546,bonfire
5547,smouldering
5548,steeped
5549,moonshine
5550,chequered
5551,shed
5552,reverberation
5553,strongly
5554,mellow
5555,paleness
5556,noises
5557,fires
5558,niggardly
5559,absent
5560,convenient
5561,surer
5562,snoring
5563,seacry
5564,reassuringly
5565,infamous
5566,daybreak
5567,distinguish
5568,drone
5569,snorers
5570,flickering
5571,yieldingit
5572,awaking
5573,clacking
5574,tiny
5575,mill
5576,bark
5577,announced
5578,wearisome
5579,refrain
5580,clipping
5581,violently
5582,recoiled
5583,capture
5584,brand
5585,sixcaptain
5586,enemys
5587,glare
5588,lighting
5589,apprehensions
5590,realized
5591,tenfold
5592,smote
5593,sorely
5594,perish
5595,sixth
5596,doubted
5597,preening
5598,paler
5599,broadcloth
5600,fulfilled
5601,bitterly
5602,daubed
5603,clay
5604,briers
5605,eh
5606,link
5607,pluckily
5608,composure
5609,picter
5610,smolletts
5611,youungrateful
5612,scamp
5613,incensed
5614,argyment
5615,nofree
5616,threat
5617,apressing
5618,growl
5619,truculently
5620,speaker
5621,dogwatch
5622,pack
5623,fishier
5624,fishiest
5625,bargained
5626,thoughtful
5627,kelson
5628,tramped
5629,included
5630,confound
5631,wayship
5632,itit
5633,johnson
5634,laughs
5635,court
5636,piracy
5637,accent
5638,decide
5639,favourably
5640,seamanmorgan
5641,namewhom
5642,faked
5643,teach
5644,backsome
5645,feed
5646,aterwards
5647,wants
5648,hawse
5649,dares
5650,stirred
5651,gay
5652,praps
5653,lection
5654,seamile
5655,himthats
5656,sledgehammer
5657,ray
5658,leant
5659,furtively
5660,hiss
5661,continuously
5662,nervous
5663,seem
5664,dissatisfied
5665,vally
5666,bullying
5667,marlinspike
5668,ax
5669,acknowledging
5670,captaing
5671,elaborate
5672,seasalute
5673,illlooking
5674,yelloweyed
5675,coolly
5676,apology
5677,throw
5678,blunt
5679,hawkinsll
5680,card
5681,dimly
5682,gonethats
5683,schoonerwell
5684,cowards
5685,lifeif
5686,canfrom
5687,jimtit
5688,tatyou
5689,hopeless
5690,askinghe
5691,plucky
5692,somewheres
5693,staunch
5694,youngyou
5695,cannikin
5696,refused
5697,caulker
5698,unaffected
5699,needlessness
5700,doubtsomething
5701,surely
5702,jimbad
5703,ironical
5704,briefly
5705,emissary
5706,adopted
5707,conspirators
5708,collected
5709,torchlight
5710,beneath
5711,dignity
5712,ladlet
5713,comical
5714,hesitating
5715,smartly
5716,hillo
5717,wot
5718,goodll
5719,softheaded
5720,deposedthats
5721,gettin
5722,leadin
5723,oblige
5724,funny
5725,contemptuously
5726,mindtill
5727,outs
5728,grievances
5729,cruiseyoull
5730,trap
5731,fourth
5732,sundry
5733,pints
5734,plumduff
5735,danceim
5736,thereand
5737,hornpipe
5738,meddling
5739,joness
5740,meyou
5741,stiffest
5742,sweat
5743,vehemence
5744,memory
5745,tailors
5746,pinting
5747,ajangle
5748,buoy
5749,ruination
5750,isnt
5751,dayyou
5752,brokeor
5753,ague
5754,agone
5755,lemon
5756,peel
5757,wholl
5758,bargainwell
5759,iton
5760,downheartedand
5761,hadntbut
5762,therethats
5763,recognizednone
5764,laughter
5765,accompanied
5766,examination
5767,fingering
5768,f
5769,sauce
5770,thatyou
5771,interference
5772,haint
5773,invention
5774,elect
5775,revengeful
5776,dicks
5777,kiss
5778,curse
5779,bind
5780,jimheres
5781,curosity
5782,leaf
5783,revelationthese
5784,printed
5785,ash
5786,material
5787,scratch
5788,thumbnail
5789,threaten
5790,unfaithful
5791,perilous
5792,uponkeeping
5793,grasping
5794,miserable
5795,peacefully
5796,snored
5797,environed
5798,shameful
5799,parole
5800,wakenedindeed
5801,doorpostby
5802,gladness
5803,insubordinate
5804,stealthy
5805,meamong
5806,dangersi
5807,midleg
5808,awake
5809,beaming
5810,adoin
5811,wasall
5812,pattered
5813,loghousequite
5814,herehe
5815,noo
5816,lodger
5817,fiddle
5818,supercargo
5819,johnstem
5820,alteration
5821,grim
5822,demons
5823,ordinary
5824,professional
5825,reacted
5826,bandaged
5827,shave
5828,liver
5829,upside
5830,prison
5831,pleasantest
5832,homethrust
5833,spiling
5834,comesas
5835,itof
5836,arrant
5837,poison
5838,vile
5839,pestiferous
5840,slough
5841,probablethough
5842,opinionthat
5843,systems
5844,bog
5845,rudiments
5846,dosed
5847,prescriptions
5848,laughable
5849,humility
5850,charity
5851,schoolchildren
5852,bloodguilty
5853,spluttering
5854,badtasted
5855,proposal
5856,lion
5857,athinking
5858,knowing
5859,humbly
5860,grateful
5861,takes
5862,gentlemanfor
5863,bornyour
5864,pledge
5865,dooties
5866,disapproval
5867,restrained
5868,roundly
5869,playing
5870,doubleof
5871,sacrificing
5872,victims
5873,preponderance
5874,dolts
5875,fluttered
5876,afford
5877,atreasurehunting
5878,gammon
5879,ile
5880,stalked
5881,silenced
5882,volubility
5883,twinkle
5884,deliberately
5885,boyll
5886,deposed
5887,meplaying
5888,chuckfarthing
5889,likeyou
5890,mayhap
5891,nowits
5892,inot
5893,asidesee
5894,treestump
5895,firewhich
5896,rekindlingand
5897,brewed
5898,unkind
5899,weep
5900,dieand
5901,deserve
5902,itbut
5903,whip
5904,holus
5905,bolus
5906,yourselfneither
5907,plot
5908,gunnthe
5909,deed
5910,ninety
5911,jupiter
5912,seeking
5913,musingly
5914,sorted
5915,wolftrap
5916,radiant
5917,halloo
5918,treasurehuntflints
5919,pointer
5920,itwith
5921,glint
5922,fried
5923,roast
5924,ox
5925,approach
5926,wasteful
5927,blazed
5928,fuel
5929,describe
5930,sentries
5931,unfitness
5932,prolonged
5933,campaign
5934,recklessness
5935,cunning
5936,restored
5937,suspect
5938,loves
5939,thanky
5940,accidents
5941,humour
5942,sketched
5943,feasible
5944,traitor
5945,hesitate
5946,adopt
5947,wealth
5948,freedom
5949,lifehe
5950,boyagainst
5951,active
5952,unexplained
5953,cession
5954,captors
5955,usall
5956,himone
5957,behindbesides
5958,squaretailed
5959,gabbling
5960,purposeless
5961,seatalk
5962,obediently
5963,powerful
5964,variously
5965,burthened
5966,picks
5967,shovelsfor
5968,hispaniolaothers
5969,subsist
5970,proceeds
5971,eatables
5972,equipped
5973,outeven
5974,shadowand
5975,straggled
5976,muddy
5977,unbailed
5978,condition
5979,discussion
5980,reader
5981,bounded
5982,adjoining
5983,sloping
5984,cliffy
5985,eminence
5986,pinetrees
5987,species
5988,readings
5989,shrugging
5990,directions
5991,prematurely
5992,riverthat
5993,woody
5994,ascend
5995,outset
5996,miry
5997,marish
5998,progress
5999,steepen
6000,character
6001,heavyscented
6002,shrubs
6003,thickets
6004,columns
6005,spice
6006,aroma
6007,sunbeams
6008,refreshment
6009,fan
6010,followedi
6011,tethered
6012,ploughing
6013,pants
6014,backward
6015,farthest
6016,smaller
6017,shreds
6018,rags
6019,bishop
6020,fed
6021,slowgrowing
6022,enveloped
6023,straighthis
6024,divers
6025,tiptop
6026,stickin
6027,tooth
6028,duly
6029,pinter
6030,pole
6031,star
6032,jokes
6033,hairs
6034,hisn
6035,copper
6036,doit
6037,baccy
6038,pennypieces
6039,raged
6040,hollered
6041,windy
6042,comin
6043,clearand
6044,deathhaul
6045,bated
6046,treasurehuntthe
6047,damping
6048,ascent
6049,prospect
6050,sawclear
6051,lowlandsa
6052,precipices
6053,mounting
6054,chirp
6055,countless
6056,insects
6057,largeness
6058,childs
6059,wereas
6060,wellknown
6061,enchantment
6062,clawed
6063,grovelled
6064,beganbroken
6065,singers
6066,atmosphere
6067,airily
6068,sweetly
6069,ashen
6070,skylarkingsomeone
6071,flesh
6072,encouragement
6073,againnot
6074,clefts
6075,wailedfor
6076,describes
6077,mgraw
6078,darby
6079,rooted
6080,fixes
6081,moaned
6082,praying
6083,volubly
6084,unconquered
6085,surrendered
6086,boozy
6087,mugand
6088,reawakening
6089,irreverence
6090,severally
6091,affect
6092,superstitious
6093,bout
6094,grant
6095,clearaway
6096,liker
6097,elses
6098,nowit
6099,springing
6100,older
6101,greeted
6102,scorn
6103,revived
6104,chatting
6105,fearful
6106,sympathy
6107,joked
6108,spiled
6109,halting
6110,comforted
6111,exhaustion
6112,shock
6113,predicted
6114,nutmeg
6115,azalea
6116,spaces
6117,baked
6118,sunshine
6119,wider
6120,clump
6121,underwooda
6122,giant
6123,vegetable
6124,column
6125,cottage
6126,manoeuvred
6127,conspicuous
6128,impressed
6129,previous
6130,speedier
6131,lifetime
6132,extravagance
6133,grunting
6134,nostrils
6135,quivered
6136,madman
6137,flies
6138,shiny
6139,pains
6140,immediate
6141,nearness
6142,seize
6143,riches
6144,rapid
6145,launched
6146,murderous
6147,babbling
6148,wretchedness
6149,tragedy
6150,acted
6151,ungodly
6152,facehe
6153,drinkhad
6154,rung
6155,digging
6156,recent
6157,sprouted
6158,shaft
6159,packingcases
6160,strewn
6161,branded
6162,walrusthe
6163,probation
6164,chieftain
6165,overturn
6166,fullstretch
6167,racer
6168,realize
6169,doublebarrelled
6170,revolted
6171,constant
6172,forbear
6173,throwing
6174,twoguinea
6175,bargains
6176,woodenheaded
6177,coolest
6178,pignuts
6179,pushing
6180,merrys
6181,favour
6182,scramble
6183,screwed
6184,blundered
6185,cub
6186,thencrack
6187,crackthree
6188,musketshots
6189,teetotum
6190,twitching
6191,wink
6192,plunging
6193,equalled
6194,verge
6195,strangling
6196,mopping
6197,nick
6198,wriggling
6199,eel
6200,embarrassment
6201,pickaxes
6202,leisurely
6203,related
6204,profoundly
6205,halfidiot
6206,skeletonit
6207,haft
6208,journeys
6209,stored
6210,wormed
6211,uselessgiven
6212,himselfgiven
6213,fault
6214,prepared
6215,diagonal
6216,fleet
6217,dispatched
6218,superstitions
6219,successful
6220,ambushed
6221,fortunate
6222,demolished
6223,fatigue
6224,towed
6225,cheers
6226,cruising
6227,amiss
6228,treasurehouse
6229,singlehanded
6230,cordial
6231,villain
6232,impostera
6233,imposter
6234,prosecute
6235,saluting
6236,gross
6237,dereliction
6238,airy
6239,flickered
6240,heaps
6241,quadrilaterals
6242,seventeen
6243,amassing
6244,blindfold
6245,islandsilver
6246,gunnwho
6247,reward
6248,delicacies
6249,gayer
6250,happier
6251,firelight
6252,laughterthe
6253,bland
6254,obsequious
6255,transportation
6256,mass
6257,task
6258,workmen
6259,ensure
6260,onslaught
6261,absences
6262,piled
6263,manone
6264,minted
6265,hoard
6266,diversity
6267,coinage
6268,varied
6269,portuguese
6270,louises
6271,doubloons
6272,moidores
6273,sequins
6274,pictures
6275,europe
6276,oriental
6277,stamped
6278,wisps
6279,web
6280,bored
6281,necknearly
6282,variety
6283,autumn
6284,lasti
6285,nightthe
6286,strolling
6287,overlooks
6288,lowlands
6289,shrieking
6290,liberty
6291,rebuffs
6292,privileged
6293,dependent
6294,slights
6295,unwearying
6296,politeness
6297,ingratiate
6298,terribly
6299,accordingly
6300,gruffly
6301,humane
6302,sneer
6303,feelings
6304,ravingas
6305,morally
6306,feveri
6307,carcass
6308,quoth
6309,glove
6310,weakened
6311,owes
6312,wordno
6313,gunshot
6314,islandto
6315,approval
6316,necessaries
6317,remainder
6318,closer
6319,merciful
6320,themi
6321,wasleapt
6322,melted
6323,inexpressible
6324,highest
6325,handonly
6326,america
6327,baffling
6328,gulf
6329,negroes
6330,mexican
6331,indians
6332,halfbloods
6333,selling
6334,vegetables
6335,dive
6336,goodhumoured
6337,especially
6338,blacks
6339,tropical
6340,sojourn
6341,manofwar
6342,contortions
6343,confession
6344,connived
6345,preserve
6346,unobserved
6347,sacks
6348,cheaply
6349,fitting
6350,seventyfive
6351,wisely
6352,foolishly
6353,natures
6354,smit
6355,studied
6356,profession
6357,fullrigged
6358,spent
6359,twentieth
6360,butt
6361,notable
6362,sundays
6363,saints
6364,negress
6365,chances
6366,oxen
6367,wainropes
6368,accursed
6369,particulars
6370,coasts
6371,seadog
