hispaniola,180
goatskin,5012
baking,4869
crack,1634
stern,461
sacrificing,5871
rapidly,865
inkling,4820
shouldnt,1654
consultation,2709
appearance,750
muttering,5109
busiest,3778
awhile,1728
telescope,1353
unsteady,5092
pleasant,641
gradually,698
ring,3550
welcome,2513
seasongs,3105
trend,3624
garrison,2484
oriental,6276
hobble,3832
gentlemen,490
sitting,499
plumped,4665
kind,313
niggardly,5558
destroyed,2568
dodged,5384
part,257
experience,5423
side,106
uppermost,4611
daubed,5602
foes,4887
dress,3128
thick,633
backstay,4182
climate,4773
blackblack,3802
hailstones,5062
doubloons,6271
sandy,990
related,6203
trooping,4596
nasty,4498
expecting,4488
mud,5254
open,212
could,49
hisself,2244
fortune,436
mend,2612
booming,3063
story,471
stolen,5362
carpet,4597
youve,374
chill,1131
caught,840
lipping,4562
fibres,5075
favourite,1647
cost,2114
quick,926
sideways,2217
impending,4926
taptaptapping,3333
willows,2628
clothes,1011
likes,4063
point,295
absence,1504
case,584
childish,2678
airy,6238
sack,5496
told,185
suchi,4055
respects,3716
readily,1831
diabolical,3100
deserted,847
lawful,2292
beachat,4189
charity,5850
accurate,4114
rapped,3076
shape,1671
anyone,827
blackened,2299
parliament,4020
spin,5435
exclamatory,3572
lubber,1527
purpose,1080
turns,5275
slammed,2210
bullet,2358
hoisted,4633
partly,1139
instance,1416
bible,776
woods,387
entries,2387
transportation,6255
developed,4891
oclock,3302
wasteful,5926
mainmast,2104
pitch,1402
screaming,2636
convenient,5560
blinking,5325
halfwater,4719
difficulty,1736
gunn,310
imagine,968
berries,4424
sternport,2706
fainter,2983
moving,939
trembled,1588
used,836
luck,601
pews,1812
noggin,2240
contortions,6342
duty,1117
lancet,3232
sentries,5930
accent,5637
buttons,1887
rocking,3998
necks,3017
piracy,5636
table,572
wayship,5631
fontenoybut,4521
seagully,5049
alive,684
marks,2501
minded,1209
portuguese,6269
ho,2425
moaned,6081
villain,6231
commentary,3673
stupor,5118
rings,3760
barring,4689
drinkhad,6153
vise,3320
singly,4169
bodies,4972
neitherthats,4470
alan,2651
most,229
incensed,5613
looks,1035
never,109
flag,685
sich,1711
fun,4068
alongsix,4463
softspoken,3317
bornyour,5863
protestations,3882
methe,2496
straight,413
rammer,4594
messenger,3866
moreman,3363
slash,4921
neighbour,5081
longer,656
manowar,3719
mistily,3234
knowd,4050
experienced,3942
sum,2389
gleam,4884
safely,2796
somewhat,790
haulbowline,2088
friends,678
gayer,6249
arranging,3287
topsyturvy,4350
youthat,3888
routed,2190
remember,747
maroon,1339
now,36
stumbled,2028
result,5064
pistols,953
guess,1272
lather,5472
pickaxe,1992
pleasanttempered,3790
underneath,2313
capt,4123
chest,376
rounds,4856
mgraw,6077
flowering,2632
bank,1462
politeness,6296
tried,704
landed,1296
richard,4680
smartly,5715
patients,1639
staunch,5693
togetherone,4889
readings,5988
get,115
landlord,2454
joked,6107
wood,370
promise,1692
reestablished,4322
continual,2357
attempts,3672
goodhumoured,6336
shine,1763
viewsamen,5375
atmosphere,6066
coltish,3138
deceived,4290
countrys,3699
fullsized,5014
laying,2197
skulk,4244
ridge,4988
threateningly,4449
owned,3980
flash,1814
someone,658
caution,5191
toppling,5161
themselves,1281
cutlass,503
doubleof,5870
ashiver,5334
him,31
coppers,3794
captainover,4561
foulest,4844
escaped,5467
youungrateful,5611
fear,330
silverll,4229
darby,6078
sober,1060
whole,259
flies,6137
corruption,4047
today,2762
east,486
skimming,2912
pity,911
knowing,5858
continuously,5661
begin,1929
cruelty,2577
glare,5587
guessing,3726
tie,5292
swing,1393
forearm,3229
pained,5485
fancy,368
judge,1881
faintly,4549
howsomever,5332
style,4809
emboldener,3370
boyagainst,5950
gone,221
need,1356
painter,4547
advice,2615
owes,6311
applied,3094
squire,94
hesitated,2602
intermittent,5188
viceroy,2521
roughened,3535
returned,197
course,268
wed,1933
sundays,6362
smit,6354
magazine,4677
news,629
during,1565
important,2416
fool,938
lifes,2116
descend,3521
unwilling,3433
examination,5766
dashed,2824
produce,1375
fetch,1177
equal,5186
map,972
landsmenbeing,4681
burst,1427
morningthe,3173
incomprehensible,3629
seafaring,610
accused,3016
free,900
however,674
swoonlike,3283
itd,4036
bribe,3260
guide,2982
nod,2371
flesh,6071
wedge,3945
sigh,3442
doors,1747
lions,2511
dainty,2551
fallen,377
duffbeen,4018
slam,3456
numbness,5117
smother,4227
restrained,5867
does,1922
dirty,1145
boats,522
perils,2896
sketch,3230
buoy,5748
staying,3122
live,1254
furtively,5659
voyage,811
grass,1982
oaklike,4272
valet,4615
sunshine,6118
soul,655
stored,6209
got,128
shout,2083
night,248
magnificent,3708
happened,2500
sympathy,6106
room,574
roughest,4041
jollyboat,994
yourself,541
gentlemanfor,5862
scheme,2066
troubling,3735
crawling,1232
stumblingly,5027
recovered,1567
constant,6171
holes,5441
o,279
mind,236
cordage,5503
ones,1616
madman,6136
multitude,3754
spoken,1012
red,325
thats,160
takes,5861
familiar,2883
prosperous,3926
presumed,5180
had,11
tinder,3390
misgave,4082
meditating,2869
redly,3378
noise,718
mattress,2002
fluttered,5875
aint,339
leastthe,4769
warm,2583
roof,1007
thoughtless,5542
heat,1118
fired,817
superintend,3753
mantle,5516
theers,4477
standing,542
anchoragejust,4124
apart,1941
quid,1525
tract,4254
reader,5980
lemon,5755
shoreward,4723
great,114
bending,2999
finally,3488
coolly,5675
claspknife,3154
odds,1638
kissed,4640
dreadfullooking,3311
nightcap,2062
guns,1623
whipped,1120
immediately,1041
hails,4365
stairs,1746
bucking,5234
instinctively,4382
ease,1716
sidled,5074
conceal,1459
jump,771
whence,2283
providence,1911
briskly,1030
repugnance,3392
stockade,243
situation,1514
weltering,5090
tom,438
mounds,4480
peck,3976
fruits,2105
whiff,1917
butwhat,5239
scarce,681
heavier,5238
divinity,4658
grove,1631
barrow,2145
proud,2382
slumber,3923
notes,4120
family,1575
halloo,5917
jine,2120
dale,3750
spitting,3004
have,30
wisely,6351
threads,3758
purposeless,5960
unharmed,4912
cannonball,4700
bow,1097
ventured,2895
followedi,6010
westward,2016
downright,1895
clouds,2450
repeat,3096
gabbling,5959
everywhere,4202
iveyes,3810
careless,2981
biscuits,2707
understood,1258
addressed,944
nerve,2959
join,1264
rigged,2508
weakened,6310
steadily,1552
cold,700
scuffle,2226
aiming,4668
salted,3056
heavily,1470
signal,1074
enjoy,1489
ordered,1709
stifle,5348
faith,1534
attempting,4799
alarming,2263
quadrilaterals,6241
profession,6356
panting,5224
snuff,4760
natural,1201
slopes,2772
trigger,5411
preserve,6345
leap,1670
guinea,3257
favourably,5639
indies,2522
odd,1059
hertwo,3666
whither,3352
clinked,5261
flowed,2863
desired,2939
age,2266
grip,3268
ignorant,2481
solitude,2682
outlandish,4255
lord,2544
creeping,2043
up,41
work,281
grapple,3954
reserve,5139
gill,5272
orders,755
sounding,5498
spout,1984
single,856
behold,5387
cursing,3247
disposed,4932
doing,552
fowls,4266
regarded,3697
desirous,3090
clasped,4401
clash,2219
sorts,4231
huzza,4898
senseless,4911
decline,3134
contend,4390
dogtired,3914
shoulderblade,4957
nutmeg,6114
paper,788
jones,4841
lie,512
lively,4795
admitted,1829
housekeepers,3649
jolly,985
jupiter,5911
knows,1058
journeys,6208
lockfast,5253
cooks,4086
objections,3478
owing,5470
daily,2193
wanderings,3055
blew,1683
warily,2845
bishop,6019
council,986
crow,4311
mistaken,2201
officer,1480
nowhere,3464
wings,4367
hollered,6040
troubles,1765
sealawyers,4075
incredible,1756
chiefs,4765
agony,2828
sketched,5942
shoal,5380
loophole,743
cub,6185
changes,2899
cheers,6225
adopted,5706
fiend,5077
dared,850
yous,2715
baffling,6327
dependent,6293
followedthat,4147
thatch,4281
rocks,1073
sky,2049
spiled,6108
chice,5294
birds,637
desolate,4423
whisper,2460
canfrom,5686
riders,2352
seeking,5912
stifling,4968
link,5606
lumber,3470
werent,1533
seeblack,3809
absent,5559
cruise,899
stockings,3130
ship,112
revenge,3487
goat,1289
togetherhim,3955
comparative,4914
placidly,4781
nicely,2724
assailant,4919
waiting,703
clove,1991
grovelled,6063
furious,1823
fatigue,6223
irresolute,3472
initial,3395
foolhardy,2638
cruelly,2658
few,356
fitting,6349
yohoing,3893
proper,4569
wits,4767
brambles,4277
suspicion,4027
away,166
shakes,1530
tiny,5574
america,6326
released,3335
theyll,2410
thither,2438
currents,4576
miserable,5794
motherto,4437
sprawling,4920
smoke,763
spinning,1586
solve,3933
drain,1731
armpit,4342
adoin,5810
supper,1484
obvious,1583
raced,4251
deaddead,4465
keeping,744
accountbook,3599
wish,874
revelationthese,5783
dangers,4387
being,309
capecape,5135
whom,505
strip,4616
trouble,1052
dried,5174
experiment,4573
particulars,6369
comfort,3061
consort,1255
bodily,1414
always,470
trusted,1907
peaceful,2985
asking,1944
seaward,1038
saves,2504
boughs,2633
unarmed,2740
disclosed,4602
when,48
yieldingit,5571
practice,1836
piece,428
greed,3441
handsmagistrates,3274
bend,4505
lodger,5816
sooner,861
pounds,882
evergreen,4274
popped,1610
high,298
double,728
are,129
dense,4741
send,1247
twothe,3641
bored,6280
infectious,3369
lit,1953
occupy,3898
couple,1284
wandered,2256
precipices,6052
mustnt,2728
cracked,2742
sound,270
prisoner,2412
main,917
diell,4847
homeward,5526
fine,430
master,650
grinding,4983
movement,1061
shipmates,1062
offence,2477
connoisseur,3077
allowance,4661
boys,1042
rigs,3756
human,1306
lifted,1006
windy,6041
hour,886
bouncing,3517
grievous,4951
clearing,2058
rejoined,4143
overdrawn,3723
faintness,4546
stroke,1051
whos,787
plainly,852
tacked,5481
known,1017
balls,2764
crossgrained,5042
described,1665
sojourn,6340
washed,4734
audible,1806
hawkinsll,5679
drowned,5474
soundnothing,3355
true,810
respected,3956
hollow,1214
conspirators,5707
heave,1622
favourable,2407
blocks,1387
broadcloth,5599
docks,2437
sunny,2067
distant,983
bidding,3035
looked,164
wore,1176
favour,6181
hard,379
battle,1693
crucifix,5231
lest,1741
overloaded,2014
supplied,2061
sabrecut,3745
halfbloods,6332
vividly,4262
burn,2095
faint,1211
drugs,2258
liveoaks,2661
tramping,3711
negress,6364
elbows,2797
edges,3379
colours,906
beginning,745
neatness,5386
borders,1974
ears,604
impossible,1760
flapped,1376
terrors,1442
due,1218
echoed,2727
supplication,2669
dont,122
trust,903
pleasantest,5831
other,113
for,18
pond,4208
hidden,1390
handsomer,4837
argued,4895
empire,4323
tuned,3075
clumsy,2431
character,6000
wolftrap,5915
commanded,2876
ive,284
covered,1954
basin,1725
draughts,4984
sufferings,5476
planks,2915
enemys,5586
seated,1047
interrupted,651
haze,4287
straining,4877
stowed,1901
girt,4964
equalled,6193
identical,2178
downhill,3051
surprised,871
smelt,1912
jerk,5482
spent,6358
dereliction,6237
late,1167
sperrit,2133
snake,4330
sore,2674
observe,3194
smashed,3396
jimbad,5702
redoubling,5210
note,978
fourpenny,1355
sneer,6302
indians,6331
twoguinea,6174
patch,4969
fair,695
grace,3066
ruined,2167
facing,4608
tells,2463
spared,5361
leeward,2721
cargo,1888
ale,2378
drone,5568
assailants,4606
strangers,3367
cease,1680
show,791
giving,1096
willingly,4197
later,1244
how,143
cask,1609
toms,4655
thought,117
stirring,1755
danceim,5735
success,2515
starvation,4373
forfeit,3033
shaking,1159
showed,619
violent,1208
mrs,1724
business,515
anyhow,5277
swamped,5079
slip,809
solid,4419
crosses,969
bulwarks,1001
wanting,1703
craggy,4261
fish,1822
reason,1109
smash,3512
compass,952
rebuffs,6291
beaded,5257
throwing,6173
killed,682
sixcaptain,5585
grew,738
anywas,3338
hawkinsthey,3964
early,1025
truly,4216
damage,4666
jokes,6032
admiration,4013
brow,1655
apple,814
remarkably,4154
anticipations,3646
lofty,4733
quartermaster,1555
presence,1681
oddly,5479
slept,1447
starting,2832
rank,5286
herwas,5039
dingle,3506
leads,3944
nose,754
bran,5497
dell,1796
golden,3256
under,155
choice,4834
handsand,4240
patiently,3876
beat,1308
surgeon,3999
expose,4864
narrower,5388
slow,1251
eyebrows,3538
tiring,5165
suspect,5937
repulse,5022
watchmen,2073
felt,477
faces,804
twelve,1837
wealth,5947
rudiments,5845
dark,434
doctors,623
knoll,1606
lingering,3078
countless,6055
owe,2246
loosened,3195
groped,5026
delight,2406
doubly,2965
villains,3568
liberty,6290
surely,5701
animals,3654
ankle,5035
wondering,1490
loading,2003
sweeter,3664
poisonous,4209
triumph,3393
nostrils,6134
watered,4103
earlya,3171
yellow,937
scissors,3576
shock,6112
delighted,3767
shadowand,5974
pointer,5919
see,66
service,647
tomnow,4309
retorted,3012
cape,1496
naked,4172
twinkling,3398
unbailed,5977
inside,580
mornings,4192
responsible,3885
height,1426
clap,2054
southwestand,3621
harmless,5132
george,390
barn,4589
axe,4581
humbly,5859
wine,987
northeast,2931
coarsely,3084
probably,2259
crooked,3389
subsist,5969
selling,6333
eminence,5985
imaginablenot,3703
dreamed,2676
on,19
arguing,3434
opportunity,2447
eel,6199
recoiled,5582
volubility,5882
present,1156
swabs,1864
fall,841
wearisome,5578
lined,2369
favourites,3910
keep,245
unintelligible,3584
saddle,3516
molestation,4632
roughandready,3534
flitted,4392
bullets,2813
securely,5143
lovesong,3300
almost,230
required,1861
haint,5772
capsized,5442
flickering,5570
profit,3742
oilcloth,2315
horror,1288
leave,429
say,107
extricate,4364
progress,5998
inclination,5420
fifth,4557
shells,2311
firstyou,3469
medicine,1200
fancied,1988
thence,2118
joy,1070
merciful,6319
pierced,4784
heavyscented,6001
largeness,6057
farthest,6015
recognizewhile,4996
manoeuvred,6126
reaching,5152
anothers,3264
nip,4472
billy,837
convinced,2462
excavation,1656
overlooks,6287
beautiful,1513
earthquakeswhat,3250
rather,408
rigging,4034
excepting,3996
firewhich,5895
throughout,2418
caulker,5697
crouching,4300
flourished,2777
foam,2068
bar,773
sank,921
smollett,227
flashing,2826
delightful,3769
cleanly,3782
salute,1526
think,169
crew,280
footfalls,4617
bounce,5145
sleep,849
afternoon,696
them,62
edge,1188
cooking,2507
prolonged,5932
passing,3977
gallows,2230
teetotum,6189
hereand,3011
studied,6355
pleased,597
alongside,687
longish,4648
otherwise,1892
acrossin,4064
clean,620
nutbrown,3071
preponderance,5873
relieve,4653
four,276
isolated,4720
inot,5892
goatskins,2694
carts,3776
smote,5592
batten,2911
mounting,6053
angry,1536
hulking,3372
armchair,3739
trundled,2144
blackbeard,3559
thencrack,6186
windowsill,5091
ajangle,5747
quadrant,3403
precautions,1893
seacloak,3308
risen,922
fuel,5928
archbishops,3766
description,4533
airily,6067
taken,277
aheaving,3249
waved,2814
quickly,3951
bosom,2109
incongruous,2673
fault,6213
flowery,5515
management,3674
itself,559
panic,3486
wisp,4356
interests,2938
flapping,5185
j,1866
foraging,5268
commands,1802
islet,4105
extraordinary,2671
geese,4881
fullrigged,6357
end,198
hazed,2555
timbers,897
sits,3325
againnot,6073
dance,592
threemy,4162
hall,1481
sandhill,3627
foolhardiness,2293
growing,654
treasurehunting,3036
evenings,3162
acquaintance,3238
variable,4989
sharp,746
seat,1171
replied,274
cleft,2980
excuse,1270
mostly,914
am,256
doubled,1476
losses,5072
seacheer,4146
buried,553
ye,1563
downheartedand,5760
coat,686
necknearly,6281
removed,3005
suddenly,306
doggedly,4636
broad,833
yours,1329
treasurehuntthe,6046
scour,4203
apressing,5617
arrant,5836
shipping,3921
tides,5377
flint,290
short,335
cross,1203
paling,4511
candlelight,3359
goodll,5718
chequered,5550
fours,2640
shipshape,2476
bells,2657
questions,1384
ashes,4838
upon,56
skirts,2196
breakfast,1183
stone,1475
irelanderthis,5287
reappearance,5363
bales,3777
without,265
pool,2962
genlemen,4687
thirst,5172
shreds,6017
himwas,5358
jaws,3218
steer,2557
madagascar,3966
w,3582
liveseys,920
bankers,3722
doldrums,4875
athwart,2561
likeyou,5889
exception,4119
friend,854
colour,511
hotly,2220
reduced,2510
species,5987
pinter,6029
accursed,6368
desert,2780
plunging,6192
retreating,5036
waterbreaker,5271
relief,2227
ringleader,2685
nights,1357
ceasing,5115
soundings,3614
liveseyas,3662
sight,334
thickets,6003
distance,945
fishes,2978
supped,5028
bargains,6175
eastward,4551
eggs,3081
annoyed,4892
encloses,4718
lying,510
fen,2634
tent,2853
bulwark,2102
mouse,1155
britons,5018
embassy,4780
eyes,183
different,657
noises,5556
highwater,4205
bulk,2892
pleading,3254
second,324
themselvesno,3362
tortured,5171
dollars,3044
her,72
blows,878
devil,828
corpse,5285
pretence,4142
rusty,2670
brassbuckled,4417
deserve,5901
silvers,520
greedily,3261
trapped,5410
notion,1333
hilt,1713
the,1
therethats,5762
frown,2233
trotted,4476
boarded,1492
leaf,5782
tumbling,904
shake,1735
usall,5955
receiving,4489
knee,3102
im,187
gauge,4085
sand,242
ordinary,5823
waste,2933
ride,948
thicker,3759
breakers,2084
chuckfarthing,5888
followers,2122
weary,1902
softly,1380
recover,1311
wonderfully,4644
concealing,5354
beganbroken,6064
hulk,3252
wig,934
extremest,4771
steered,4506
remained,723
overturn,6165
starving,2546
tipped,3010
star,6031
furniture,3463
increase,2296
sleepers,2987
thieves,3826
frigate,3705
quickening,5108
slain,2659
wife,1404
kindness,3030
load,1122
outboard,5505
indian,3408
sorrow,2274
simply,5421
hundred,369
amassing,6243
gall,5488
hispaniolaa,5326
stiffest,5741
ironically,5249
swear,1547
minted,6264
yesterday,3068
deformed,3310
mans,389
moved,766
stopped,450
glad,799
fly,1162
trelawneys,1522
nutmegtrees,3040
englands,2541
gattling,3203
echoes,2692
cover,748
sacks,6347
apiece,4548
unburied,4751
beaten,2187
treacherous,2792
feared,595
rogues,1790
discussing,4502
gunshot,6313
smugglers,3368
pistolshot,3483
afire,3450
fight,676
gravestones,4441
leadin,5722
lodged,5223
innits,3458
isthat,3244
sit,693
composure,5608
direct,4583
portion,1983
dreams,3062
pipelights,5264
understand,713
cession,5953
specimens,3339
seasalt,3411
picter,5609
booms,4178
salt,1253
myself,203
bulrushes,2629
prove,1261
kneedeep,2791
traveller,3607
resumed,1170
walrusthe,6162
adversary,4391
ssw,3992
collapsed,3497
boardmust,4241
tramp,2350
certainty,2947
competent,3718
rolling,1233
pretty,303
plunge,1960
tight,1957
search,1438
coast,567
infernal,5293
abominable,1359
grant,6094
arrive,3447
midday,2838
cheerily,1478
loopholed,4509
manners,3137
reasons,1385
crag,3626
minutes,2284
miscalculations,4059
voyages,3871
horizon,4985
reverse,5226
put,157
hawkins,237
trinkets,2310
cocks,3132
brought,299
waist,1107
chapel,4486
blundered,6184
cheek,1347
await,4152
stayed,1382
chatting,6104
flight,1394
swabbed,5227
shook,611
alighted,5540
groaning,1956
dwarf,5306
belt,1235
hunting,3039
blamed,1461
beyond,866
jawingvyages,3804
startling,4405
balance,1820
disappeared,621
remarkable,1508
iton,5759
praying,6082
shotyou,4865
conquest,5311
bleeding,2744
halyards,5507
bounding,4381
defenceless,2655
jacket,1600
glee,1868
lurking,4385
wainropes,6367
shameful,5798
anything,478
torture,1653
skylarkingsomeone,6070
eyelids,5364
highthe,3679
agone,5754
carpenters,4679
slough,5840
loomed,2866
ray,5657
peacefully,5795
smile,1094
stench,4499
suitable,3807
ill,93
volley,1603
possible,711
largest,3989
plan,1318
strikes,5373
sail,439
spurned,3496
approval,6315
newcomers,3439
islandsilver,6245
laugh,1099
skipped,3332
verge,6194
underwood,5007
envy,2839
more,58
murmur,2972
afterpart,3895
cure,3147
steepness,4805
giddily,4183
engaged,1510
suspicious,3428
places,497
lifesize,5492
tapping,2318
paler,5598
strewn,6160
alexander,2757
disarray,3032
butcher,5417
seventyfive,6350
reedy,4284
gates,3523
vile,5838
mucked,3978
fetched,5085
mariner,2466
circumstance,3501
you,12
mischief,2586
lay,97
score,792
seacalf,3834
unnatural,5337
woman,1766
wringing,3126
tins,4529
nest,3430
thatin,4474
apoplectic,4946
berth,1152
bent,2032
soaked,4285
muzzle,2725
variety,6282
interested,2955
dive,6335
gipsies,5009
groping,2323
coin,3058
rifle,4899
eye,332
terrified,1014
after,90
whistle,721
otherssome,4168
jumped,1063
returning,3000
gun,564
hobbled,1509
less,569
sailors,832
inquired,1350
handsperhaps,4048
trinidad,3564
impatiently,5541
confounded,3829
seadreams,3645
raged,6039
hill,266
frightened,1018
infection,4218
demolished,6222
tongue,1246
roar,2753
increased,1221
sugar,3975
above,285
spot,336
spars,2077
fourth,5731
smack,3184
newfound,5454
stooping,1313
elderly,5434
broom,2327
writing,1835
start,1005
went,144
recommended,5113
shouting,872
station,5220
chuckle,2968
f,5768
widders,4699
moneyif,3337
treasurehouse,6228
fairly,881
cognac,2004
onethree,4494
dues,3414
sourly,5278
throw,5677
rain,2690
sweltering,4196
sichand,3275
lowering,2681
finding,1849
poured,4151
oftenest,4705
pinching,3172
mexican,6330
past,630
elect,5774
lowered,5365
downstairs,1722
raise,2234
provided,2485
sometimes,365
amost,4052
homethrust,5832
fed,6020
warmly,2768
bird,893
one,32
slapped,2372
sallied,4929
vigour,4802
windows,2285
bonfire,5546
meddling,5738
southardfore,4108
blank,1844
calf,4960
glasses,3106
ile,5879
mouthful,4067
gay,5651
disaffected,4242
propulsion,5016
struggled,3321
thens,4483
stages,5390
easting,5168
larger,2394
abandon,5052
headed,5200
listen,2163
dooties,5865
gibbet,2129
or,46
gig,2731
axes,4715
expect,1106
surmounting,4803
drawn,1395
loops,4415
cheesea,4762
sheath,3196
bundle,1452
once,121
upturned,5446
officers,2355
cry,397
dysentery,4500
sane,4759
neglect,5413
ticklish,3870
widest,3948
tide,489
confession,6343
memory,5744
grin,5243
splashed,5439
gunwale,2015
alone,459
accordingly,6299
tragical,5495
bull,3709
fairway,5044
library,3530
conical,4100
articles,5459
teach,5643
combined,5176
glared,2181
proportion,2370
guarding,4501
cavalier,4800
deposed,5886
straits,2017
leaped,798
veil,3437
keelhaul,3815
theyve,2360
books,5262
mount,1429
overbold,4975
fathom,3057
entrance,2946
detour,4706
hearkening,4293
rig,3842
bunch,5270
europe,6275
surprisebless,3193
toast,2472
brand,5584
jingle,2317
afterwards,910
system,4413
variously,5964
rooted,6079
taut,1592
sternsheets,4676
ropes,3013
place,228
trailing,1909
pickled,5269
glimmer,2497
fill,1938
garding,5399
shade,3305
transparent,3680
leaning,1422
adopt,5946
folded,3400
branches,4618
hamletthe,3481
foliage,1581
shelter,1065
knowledge,1257
usually,2573
discharged,3887
cleansing,4355
nowit,6098
warped,4193
david,4678
meanit,4040
anecdote,3849
creature,825
needlessness,5699
thumping,4379
surviving,3019
enjoyed,3652
balanced,4880
firewood,1000
cloud,1114
desperadoes,4297
ensign,5419
indescribable,3426
gravel,2664
mightily,4652
bark,5576
appropriate,5071
scarred,3073
swiftly,1335
defeated,5029
sails,901
series,3587
malaria,3028
rivers,1961
branch,2626
trials,5319
parlour,568
knock,2364
safe,556
clung,1421
interrupt,4138
boiling,5217
shes,1276
joining,1675
position,480
drift,4735
hostilities,4893
rich,2344
arrangements,2816
cleared,1182
jimhim,3279
large,730
clacking,5573
growling,2610
recapture,5524
leeway,2865
boatfuls,3913
swearing,3979
distinct,4295
gonethats,5682
easy,1086
bore,1102
toes,4132
view,1423
collected,5708
apprehensions,5589
conversation,2584
although,737
herself,2081
speak,341
itthat,4022
stealthy,5804
halfway,955
stark,4752
chine,3209
thanks,2291
glow,1138
torn,2836
framework,2771
probation,6163
emphasis,4796
its,125
hearth,4730
invention,5773
predicting,3962
walking,757
shiny,6138
grated,3862
behaviour,1407
hoarse,1591
acted,6150
busts,3532
morganan,3797
hills,973
pinpoint,4337
forecastle,734
farthings,4025
assured,2988
half,254
reversed,4913
hed,2620
infinite,5083
dusk,1870
swoops,5182
lifetime,6131
varying,1838
accuracy,3330
ports,4866
painfully,2967
drying,4065
servant,1830
pack,5622
completely,2347
swampy,2630
tin,2309
complimented,2381
ticking,3345
wereas,6059
breeze,488
features,2617
cheese,1316
rekindlingand,5896
tallowy,2198
adrift,5021
saving,1198
influence,1544
forth,431
sternly,3801
leaving,588
straggled,5975
divined,5060
accoutrement,4420
guineas,1453
whispering,2123
determined,1538
portrayed,4992
shoot,4896
then,55
personage,3097
fires,5557
columns,6004
hours,859
trebly,3221
sailorcame,3799
rippling,2719
sixth,5595
disbelieved,5339
bits,1315
twicenot,3191
gliding,5084
arrived,4807
complained,2800
blazes,4827
treasurehear,3869
confoundedly,3570
arrangement,2490
answered,380
talker,3883
kept,218
frosts,3168
atreasurehunting,5877
storms,3111
retreated,4552
worked,3082
foresail,2569
fling,1928
notch,3211
spaceslong,3949
apples,3985
delayed,2733
source,4607
b,2359
breasted,4619
promptly,3454
israel,487
bars,1148
intercepted,3210
daddle,3267
storesthe,4645
ferns,2776
wellknown,6060
thoughtful,5626
refrain,5579
droning,5065
use,1266
fingering,5767
mutineers,421
closecropped,3544
look,168
boat,275
stick,607
fist,2269
is,47
ebbher,5033
saluted,2474
cleverness,2492
sunk,2770
shores,1845
certain,808
coming,498
bolus,5905
limits,4829
wrecked,3969
ass,2585
yielding,3946
unkind,5898
rogerthe,4711
meanwhile,1202
build,2773
affair,1706
marked,2400
slaved,3669
souls,3605
interfered,2900
childthey,3364
prosecute,6234
lend,3041
truck,4993
alls,1479
conceited,5461
remind,3886
wretchedness,6148
deathhaul,6044
that,10
attend,3931
wereabout,3110
lingered,4945
drinking,1031
morgan,327
son,835
onward,4190
fawning,3188
soiled,2139
drawing,616
wheres,1923
slave,4141
therell,3812
rapidity,2516
charging,5407
benbowsince,3743
people,427
handbarrowa,3070
best,346
cabins,3896
hitherto,5402
crying,1191
warned,2228
spring,701
keel,1889
handier,4554
dozens,5260
tarpaulin,4580
quivering,5473
pestiferous,5839
noted,3610
bygones,2996
hillside,3468
sounds,2334
seaman,491
melancholy,4187
stronger,1798
ruination,5749
shouted,962
climbing,2031
staring,1189
tonightbold,3638
spare,1132
threatened,2184
craftily,5316
ripple,1699
months,2752
welcomed,2769
youwhat,4436
uponkeeping,5792
victim,5355
hunters,4909
wrath,2809
qualities,3981
noon,1053
bloodguilty,5852
scraps,2386
habit,5494
noah,3982
question,1154
freely,5487
unweariedly,3958
brush,1325
held,433
difficult,1707
mostlyand,4429
willingness,4221
hidingplace,2765
oldest,4637
wrest,3480
two,81
hatches,2545
sponging,3476
halt,2761
afteri,3987
anger,1363
sheep,2957
cruising,6226
words,232
jack,1403
dimly,5681
whats,820
doorpostby,5801
watercourse,5531
finger,2232
deeds,3113
current,401
flush,3029
deadshot,4627
pint,1935
barrel,561
seen,142
fellows,535
liberalminded,4457
white,388
miry,5996
act,1081
anxiety,2618
agoing,1931
folk,2176
gloomy,1967
possessed,2857
crews,1969
particular,1029
owner,2034
eastern,1574
already,222
pet,5396
sailor,887
carcass,6307
springs,5146
meround,5213
hedge,2157
holding,539
boatswain,976
horrified,3498
recognized,1399
woodenheaded,6176
realize,6168
play,1499
trap,5730
treasurehunters,3052
weapons,5415
sickness,3329
merry,400
regain,3294
punishment,4421
derisively,1930
breeches,4563
terribly,6298
swore,2333
funeral,1743
dodging,2920
sink,2540
firing,2822
fond,5020
rider,3493
cook,385
silk,2699
lurch,2884
twenty,1842
exhausted,3123
hounds,3598
slep,2550
consciousness,4944
openhanded,4145
shrugging,5989
artificial,4727
give,225
conscience,2648
signs,4153
wasnt,1075
shooting,2011
trace,3022
below,349
idleness,3580
grizzled,5418
helm,2533
turning,1136
faked,5642
breakfasttable,3180
good,73
inboard,5230
child,1045
volunteers,4673
return,578
ships,244
fled,4903
ampytated,4000
truth,800
reply,1601
tint,4165
weevil,3477
axing,3865
dash,1816
wash,3356
leaned,1229
minding,2162
murmured,2253
haggard,5313
desisted,5478
mell,2206
dislodged,4380
pair,1049
ache,5177
ditch,2158
dolts,5874
ragged,3072
mail,2148
pull,1607
hurtling,4345
promontory,5169
helping,4980
interesting,2471
sorted,5914
sheeted,4102
logs,4871
glade,5513
picking,3435
principal,2708
speaking,829
onslaught,6260
opposite,1762
intelligent,3786
navigation,5378
fellow,452
rope,1127
groanyet,5349
bed,1144
ultimate,5436
must,139
remaining,2332
seven,548
finishing,3853
unheeded,4936
evidently,1279
shoreboat,3904
matted,2368
seize,6142
shockingly,3386
sweet,1111
strangling,6195
forty,1620
overlookedwe,4516
faraway,4237
starve,5133
outstripped,4220
stagger,5105
while,171
bit,493
things,383
gunnben,4456
cursed,960
seatalk,5961
agin,4314
humour,5941
lot,996
companions,735
departed,3857
paying,2194
sternsheetshim,4995
supercargo,5818
custom,2153
alarm,992
seadog,6371
wasleapt,6321
suits,3859
extreme,1749
aready,4577
hide,2575
arms,432
necessarily,4585
immensely,5219
treestump,5894
shrieking,6289
riddle,4818
risked,4543
besiegers,4513
raisins,1951
unearthed,3717
earrings,2475
assure,3911
material,5786
seaway,5041
hurt,1197
talked,1874
splash,2878
dozed,3749
corso,4005
summits,5162
dares,5649
british,2749
nails,1658
target,4588
maker,2835
ambushed,6220
laid,415
careen,4125
destroy,4536
curtained,3091
praise,3047
union,2697
light,483
notwere,3685
home,437
whip,5903
doorway,2818
spun,2212
kicking,5051
precisely,2235
draught,2811
kindlierlooking,5141
elated,5308
husky,4823
find,258
considerable,2695
intention,2486
stagnant,4211
support,3296
loves,5938
eating,1488
oar,1585
picture,2231
whereas,4575
tilted,1700
detestable,3347
carcasses,3569
resting,4329
every,182
excused,3725
southwest,1940
actually,1824
fits,3107
brandys,5336
obstinately,2319
finer,4045
food,1317
uncomfortable,5320
gray,297
door,191
cut,210
briefly,5704
earnest,1558
stove,4846
recharge,5447
ends,2929
stones,3176
wading,2038
bidden,4814
filled,662
stand,372
sealed,1486
timber,1529
agothey,3459
hunted,1694
lodging,3067
decide,5638
saw,162
line,518
pardon,1268
shrouds,1338
oblige,5723
name,307
threaded,5158
dispatch,3509
calculate,4659
tumbled,1320
unprotected,2276
bignesstwo,5130
wearing,5455
scoundrels,2396
sundown,2532
magistrate,2188
bullying,5666
worst,441
whit,4354
warier,4336
ancient,5017
manand,4310
clearaway,6095
tied,2314
downwards,5037
sidetable,2380
each,246
blindness,3479
glim,2337
stranded,2940
substance,3721
complete,1286
onelegged,2179
sadly,2251
bravest,3995
leaden,4990
vyage,3963
georgewhere,3316
yawed,5099
imagined,2411
quaver,5067
anxiously,4695
hes,412
whistled,967
lasti,6284
credit,2409
unlucky,5324
hair,2071
stirred,5650
eighth,5004
blond,4303
prospects,1856
comprehend,2879
pain,1186
next,224
able,1108
swamps,2605
comed,2538
pillow,3242
chucked,5280
cannonshot,4490
insolence,3015
monkey,1897
subsiding,5296
strangest,4175
sweat,5742
defence,1751
apology,5676
working,5452
begging,1890
smiling,1520
sick,618
predicted,6113
liver,5828
hit,2060
nail,3263
confront,5134
tramped,5628
fieldwork,3366
issuing,4101
anderson,902
pieces,525
anchorage,318
explain,3591
seized,1733
shore,315
fro,589
yard,4332
handsall,4908
likea,3789
trice,4927
tethered,6011
therefirst,3877
kindno,4728
solemnly,3934
bills,3192
days,675
embark,4247
field,2829
windward,2559
encrimsoned,5095
seamanmorgan,5640
chains,1959
lonely,1352
violently,5581
distress,2260
shirts,2549
here,70
lost,294
effect,1169
isbegan,3143
inspiration,4450
moidores,6272
consent,2286
several,479
pennypieces,6038
plentifully,5008
admirably,5302
upyou,4306
casting,4140
hurried,3394
contrariety,5142
off,124
clearly,2229
predicked,4443
castle,4006
opened,410
seem,5663
immortal,3700
murderer,4353
overboard,995
hip,2155
cunning,5935
agile,4346
offender,4422
cheeriest,4223
peace,1696
charge,1854
cat,2203
loopholes,2057
jimtit,5687
blues,4753
read,1248
bid,2480
violence,2653
finish,2558
exceedingly,2852
plainand,3988
relaxed,4198
curiosity,1464
long,77
seeing,1093
capture,5583
honest,482
wandering,1415
afterdeck,2914
tasting,2608
swam,4348
havent,1056
missis,4031
seamile,5654
irons,2055
schooling,3952
pants,6013
finely,3376
fought,1503
dishes,3959
preferring,5338
risk,669
settling,2932
time,65
haunted,1668
last,79
canting,2918
seasong,2140
alteration,5820
goes,949
flung,4874
skiff,2881
utterly,1424
computation,2531
sunlight,2825
hopping,3784
sailorly,3183
starboard,2111
tattered,3307
hurlyburly,4922
banner,5208
notable,6361
whatever,2173
handsomest,4808
unfortnateappears,5329
arch,3444
pointing,3043
wordno,6312
tattooed,3226
nne,2403
webs,5393
health,888
cured,3687
miss,1898
hastened,2171
suggested,2301
cool,819
atrocious,3547
blaze,2843
pignuts,6178
keenest,4455
firtree,4649
doggers,2363
exploring,4133
blessed,583
preservation,3502
security,1980
silvery,2984
jim,179
spaces,6116
recognizednone,5763
overhead,2789
coolest,6177
remains,3023
sundried,4004
pleasing,4403
jaw,1884
morrow,1916
boom,1310
creak,5406
agreed,1265
turf,5006
flood,2273
childs,6058
neatly,3227
sneered,3323
scene,1825
aimed,3207
oysters,4425
designed,2945
pay,1373
pains,6139
mouth,462
obey,1708
fourteen,4821
avoided,5160
revolved,5204
meal,1334
friendly,1535
babbling,6147
fleet,6216
followed,472
angles,2720
whistling,1008
goodness,5372
seaand,3848
learn,2151
fortreasure,3670
bargained,5625
snapped,1932
perilous,5791
names,1023
prodigious,2590
danger,551
gate,4460
confidencea,4473
afterwardswhether,5356
repetition,2909
unhealthy,4793
corner,364
n,1494
game,2112
butt,6360
scuppers,1576
opinion,3903
galloping,3482
disgust,2065
rumpuncheon,3566
monsterssoft,5128
pausing,4540
cabinsecond,3880
dumb,2631
likewise,4174
supervened,5119
reeled,1677
carousing,5030
did,120
valleys,5157
vein,3233
book,1485
lad,371
owed,1819
boarder,2830
pictures,6274
shoes,2936
serve,4863
id,732
continually,2890
chair,3205
torch,907
preening,5597
maynt,4657
littlesosteadystarboardlarboard,5400
prospect,6049
foryou,3361
interest,1482
bailey,3820
breakfasttableblack,3201
stood,234
mugand,6087
carried,403
sell,4697
stuck,1636
cableone,4039
brisker,5046
forefoot,5218
bear,571
completed,2701
buccaneering,4777
giddy,5150
lads,875
skimmed,5303
aware,5534
hint,5289
rung,6154
moneybag,3513
desertion,1635
whenever,4757
mistook,2643
livid,3074
boards,2135
tallowfaced,3793
cowards,5684
wrench,3324
lid,3397
manlike,4394
harbours,3619
hawse,5648
married,2527
bellowed,2693
explanation,3868
gully,1781
drew,451
wrist,1425
sodden,4213
gunseverely,4770
comforted,6110
tables,1521
briers,5604
drunk,573
foot,420
hercoral,3606
why,238
sweetly,6068
built,2810
evidence,4371
ask,609
stamping,2375
cliffy,5984
dine,2366
stole,1926
merely,5034
firsthad,4956
parmesan,4761
blunt,5678
seawater,2905
took,174
island,119
benefit,3902
sprinkled,4744
dived,4097
flickered,6239
opportunities,3741
speeches,3449
presumably,3353
facehe,6152
fourthe,4492
somewheres,5692
varied,6268
confidant,3943
condescending,3540
propose,1483
steepen,5999
blacker,2867
tell,151
should,110
askinghe,5690
bareheaded,2281
foaming,4188
furthern,4442
durst,1569
lifeif,5685
keg,2566
gallery,1608
residence,2150
rustling,4707
hisn,6034
quoth,6308
fringed,2893
horseplay,4671
affydavy,2805
seams,4497
row,4107
settled,1319
lots,4312
price,4939
honour,1034
soft,984
mothers,2107
embarrassed,5343
abeam,3993
postscripti,3714
ruffling,4708
firelight,6251
literally,3668
awkward,4402
boil,4747
dashes,5183
gardener,3146
heated,4363
written,1444
wrenched,4910
beholdneither,5241
any,176
gaskin,4416
strangely,2598
turned,216
moments,2280
wooded,2949
encouraged,2282
lightened,2870
patterns,5500
mine,648
manufactory,4180
dignity,5711
tonights,3160
pounding,2338
keenly,5281
stirrupleather,3522
lap,4149
laughs,5634
worse,508
helphim,4458
doo,4485
bound,672
instantly,516
grumbling,2186
balancing,3155
damp,4791
escapade,2840
mourning,3292
firebasket,4861
crushed,4947
stunned,4940
masts,2950
brightness,1939
cutter,3510
page,3579
fishiest,5624
write,3064
livesey,190
shark,3811
fronted,3198
unchanged,4357
bog,5844
scores,4835
offering,2455
gripped,3319
slowgrowing,6021
weaknessa,5312
uns,4308
dexterity,2452
wave,2092
whose,1942
information,2402
legs,2249
spray,1918
seventy,2390
seemingly,2564
seacloth,4411
feveri,6306
whether,724
liker,6096
medicines,2239
vally,5665
pick,930
thus,513
fighting,1721
breathlessly,5401
dot,4523
swaying,1757
this,29
reverberation,5552
cats,2110
revengeful,5775
foolery,5376
pages,3586
tarry,1346
take,118
cockroach,2376
mass,6256
block,465
twinkle,5883
rebuff,3127
youd,1231
infallibly,5167
extravagance,6132
hamplain,3785
flutter,4491
duke,4519
skeletonit,6206
cables,3861
busy,768
straighter,5301
since,293
ladlet,5712
guests,3788
confound,5630
quack,4288
monstrously,2420
breaker,5190
deep,896
himselfgiven,6212
roll,3635
considered,5360
sittyated,3079
reef,3266
smiles,4222
smoked,4756
nearly,1240
silversilver,4690
dodge,2021
quietly,668
silvering,4094
prepared,6214
knocked,1327
fluttering,5193
phrase,3852
hethe,3142
lambs,4044
tip,2255
removal,4736
thanked,3515
bleared,3140
mastera,3715
everybody,3957
sharplooking,3864
alarmed,1181
rolled,797
wounded,710
stars,1990
seaweed,5394
importance,3707
fate,1629
acquiescence,4634
swivel,2493
dayswell,3633
third,519
mizzenmast,2089
grogshop,3080
offended,3259
rated,3835
cowed,3326
towards,261
isnt,5750
scattered,2662
moan,2919
wrought,5076
aye,869
marsh,991
smartnone,3838
tossing,1071
excellent,2704
croaking,3357
simultaneously,4099
dawn,3915
moonlit,3525
muddy,5976
fairer,2856
hunt,2361
go,130
tightly,3217
homemade,2854
england,759
musketshunter,4539
puncheon,2056
out,33
obrien,1140
twentysix,4161
handspikeend,4815
thicket,989
trader,4104
tiller,2100
aroma,6006
marksmen,4906
retired,1717
countries,3417
furnitureabove,3738
curosity,5781
utter,5251
sorry,1715
lighter,2624
watches,4754
fleeing,5416
happen,2458
tragedy,6149
bloodll,3253
chieftain,6164
wisps,6278
jumping,1794
mother,247
mixed,3803
deer,4393
all,24
throat,1043
hand,74
gracious,2268
canikin,3404
waded,1624
curled,2442
likeliest,3937
treasures,4157
coxswain,679
street,1519
ironical,5703
hence,4091
musketshots,6188
liberal,4459
right,149
expression,1179
frenchand,3692
may,158
stronghold,4897
from,38
breadbags,2717
strokes,4601
duck,2408
lump,2209
lugger,1219
effort,1727
faithful,1113
nor,213
noiseless,3382
themtrelawney,4560
herehe,5814
berthed,3879
goats,1947
johnson,5633
lease,4032
top,435
remembered,663
abraham,2012
seconds,1321
plucky,5691
wet,2563
noticing,4160
beheld,842
unbroken,1797
capthe,4997
speedily,1432
watched,979
claimi,4078
sharer,3092
anywheres,4026
doomed,4113
wanted,481
privileged,6292
kindly,1487
swamping,4571
islands,3647
ended,2889
enemies,1799
observed,474
answer,562
brave,1282
cloth,2446
moonshine,5549
cause,2391
tapped,3304
gasp,2215
lighting,5588
menin,3689
foghorn,3088
wrong,796
fulfilled,5600
made,102
cheerful,3787
disquietude,5405
midst,2087
vapours,4868
whirled,5104
trip,2009
paddling,5149
enjoyment,4987
blackness,2075
headers,4609
brown,1344
margin,1587
bitter,2191
overhear,4298
gigs,563
monster,4351
perished,1915
letting,5126
recklessness,5934
adying,3277
bind,5779
wakened,2788
joined,1543
cabin,328
highness,4518
dogs,1807
stare,2154
gifts,4662
sure,137
remainder,6317
masters,5002
fresh,660
occurrence,4967
strand,5057
was,7
tracts,4709
hillo,5716
mellow,5554
dogwatch,5621
afford,5876
afoot,2433
willto,3273
wider,6119
doit,6036
lamp,2080
led,880
ppshawkins,3729
sewn,3573
rough,653
share,942
yell,2644
coracleas,5038
scrub,5005
bustling,3917
charged,5225
beetling,5124
approaching,1431
dream,2444
bandages,4981
ascend,5994
unaffected,5698
shaken,1454
banging,2600
mightnt,4426
nigh,2687
gently,1817
thems,5374
skipper,3085
dutchmen,4057
treasurehuntflints,5918
perched,2849
cleaning,4111
ascent,6048
continued,340
laced,4811
hasnt,1877
dutchman,3830
bush,2326
accident,2353
vengeance,3024
folly,2842
hitch,1250
boyll,5885
thereand,5736
about,67
justified,3884
despised,1869
councils,4299
inlets,3616
smart,1098
cage,2512
trim,2718
cap,1332
fire,320
gathering,3351
bows,812
scarcely,916
encountered,5532
collection,3059
silence,531
innocent,2523
striding,3542
muttered,2815
unlike,1972
shed,5551
pushing,6179
eh,5605
upstairs,1027
begged,1925
jib,2913
cellar,5267
hoard,6265
plot,5907
foundfor,3659
puzzled,3182
keeps,4570
lanternbearer,3448
water,195
fouled,2224
looking,467
sonny,2200
hawser,1137
rules,1340
resign,2487
matters,1742
ringing,1342
growth,4259
clipping,5580
bottom,549
events,3165
new,500
deeply,3912
hullo,4686
gulf,6328
dors,3420
surf,822
separate,1843
radiant,5916
beggarmen,4406
brightened,3149
stop,1621
drinks,3246
twisted,4279
pit,3054
pursue,3103
achanging,3905
callous,5073
hearing,1351
deck,241
town,3014
rout,3460
sledgehammer,5656
fastenings,4414
natral,3046
unusual,1434
cooked,2833
powderdidnt,3974
their,68
openly,4139
trees,255
thingsa,3577
stickin,6026
profoundly,6204
ebbtide,2732
submit,4797
rifled,3053
refused,5696
desires,4029
fractured,4949
rubbing,4779
drunkards,5111
chuckfarthen,4440
patchwork,4412
grim,5821
wickedness,2518
spurs,5529
falling,909
idly,5184
full,358
wont,359
making,691
our,60
capable,3927
delicacies,6248
waterline,4994
ricochet,4670
eat,885
votedeath,4073
discoloured,5351
wait,1112
random,1791
wasall,5811
latters,5187
plank,1678
statue,2599
blot,5045
conscious,5465
stooped,4595
prayers,1936
idea,1158
heres,545
ah,454
drawed,4122
portobello,3968
superintending,3894
ugly,1745
sorting,3060
calls,1545
tottering,2141
hang,1026
snatched,2737
diedo,3240
carelessly,2611
hornets,3429
tossed,1611
vehemence,5743
gladly,3732
shipsroyal,4008
saythe,4471
feebly,5284
lasted,2393
arrival,1448
really,1164
discontent,4224
birthday,3984
yourselves,2994
pointed,1705
lives,600
boots,1958
oaths,1048
senses,2271
pursuit,3795
thatyou,5770
previous,6129
victory,2063
neighbours,1160
somewhere,2806
troubled,3688
at,21
wink,6191
can,150
request,2581
greycoloured,4164
train,2591
freshwater,3706
cloudless,4786
i,5
mutineersjob,4623
shirt,2303
nautical,3851
peel,5756
snack,4134
wily,3941
steady,767
innumerable,5088
nearness,6141
wasted,1408
port,727
sticks,3405
chin,1914
abandoned,4493
crosstrees,1649
withdraw,3322
ink,2401
done,196
pikes,4226
boathomemade,5010
walked,801
rooms,3737
reports,2042
tragic,3655
pigtails,3763
hinder,4435
naturally,5203
glanced,5107
unlooked,4077
of,4
sickening,5228
believed,1894
sleeping,2424
upper,1441
calledwhich,4276
overriding,3108
workmen,6258
force,1674
hoped,1651
mercilessly,4358
towed,6224
fortunate,6221
palm,1032
threshold,1662
cove,752
admire,3120
stockstill,5209
interference,5771
sing,1672
native,3314
thisperhaps,4186
horrid,1076
proceeds,5970
help,223
seachest,1345
glowing,2766
staggered,5437
advance,1906
breathing,1723
driven,1913
grand,3594
jibs,2098
accomplishment,4527
anybodys,3965
dissatisfied,5664
monkeys,4901
pattered,5812
nightfall,5054
us,53
gardens,3528
momenti,5463
gross,6236
disturbed,2646
desperate,1851
dieand,5900
blacks,6338
stake,1726
were,27
remedies,4775
pork,816
eight,524
tatyou,5688
nightmares,2159
lies,1090
ripped,3223
beaming,5809
pulling,1818
hesitate,5945
given,458
handle,1782
injured,2654
earshot,1227
aterwards,5646
captain,42
mighty,1178
grandly,4155
readiness,4630
says,131
loghouse,565
originally,3897
brandy,742
expressions,3101
himselfshouldnt,3875
revived,6103
warnt,2925
peach,3278
helpless,1570
towns,3600
bushes,1129
cutwater,4464
itthats,4822
moneys,1805
vessels,2902
until,378
counter,4553
riding,2374
weight,1199
marrow,4785
sparsely,5305
fiends,4368
packingcases,6159
many,286
aft,2103
craft,1537
doubtsomething,5700
gets,2040
clustering,4603
aback,2006
placed,5425
flinti,2514
consulting,4965
distressed,2096
spiders,2439
active,5951
loose,1891
squint,3863
capn,240
ten,628
knees,585
marshes,2922
noo,5815
afloat,4042
tricked,4810
pedestal,4177
vicious,5236
slyly,5282
running,367
lurched,5252
fifteen,2782
enchantment,6061
usat,4156
steeped,5548
earlier,3177
shoulders,722
pickles,4053
times,838
beggarman,4069
morass,4789
continuous,4982
sucking,4084
fingers,770
save,457
serving,5317
passage,726
called,424
hither,4267
bristling,5101
care,802
outs,5727
glint,5921
equals,3282
scratch,5787
shipped,1322
laughter,5764
wretched,1456
nightthe,6285
melted,6322
belonged,2290
murderers,2660
both,226
bolt,1776
laden,2010
moon,786
believe,343
volition,5464
mirror,4991
piped,2264
overjoyed,3775
beaches,4210
perceived,2613
worthless,3222
bombardment,2722
wants,5647
policy,4669
pannikin,2567
descended,2035
meddle,5506
lodge,2367
pine,1293
cannot,1079
blood,509
dozen,1252
scarecrow,3141
catechism,4439
phrases,3817
forced,2078
plateau,821
hash,2108
shadow,602
spit,638
broke,502
imposter,6233
hailing,2760
entered,823
dotted,1300
cache,2404
thing,215
issued,2331
relieved,1190
shave,5827
cannonade,2755
meat,1730
down,57
attention,4629
pinetrees,5986
lopsided,2069
sterns,3860
shortness,3239
reckoned,2588
print,1405
rattle,1304
respectful,4642
benbowall,3276
gods,2943
horrible,1180
bones,540
strolled,4049
wakenedindeed,5800
calm,1377
doubtful,2491
provisions,2738
bail,1850
mindtill,5726
additions,2395
equipped,5972
boness,2574
except,2307
language,3115
met,720
dug,2603
necessaries,6316
washing,2018
cruiseyoull,5729
napkin,3185
confidential,2459
underwooda,6121
hole,1220
shipll,4225
near,272
belly,5508
thoughts,780
value,1787
ere,961
crimes,1679
left,152
choose,1643
todo,3462
my,17
plumage,2848
till,170
struck,323
hispaniolaothers,5968
husband,3220
drankone,4092
clear,278
skill,2794
beneath,5710
loosed,5469
announced,5577
nodded,2131
and,2
cries,843
powers,895
tail,1491
sward,4352
kettle,1630
joyce,419
canvas,954
worth,935
permitted,5297
spires,2597
pile,2787
french,1493
halfcrippled,4613
seamanly,2248
call,425
felled,4650
exhaustion,6111
reentered,2751
let,233
conspicuous,6127
youngyou,5694
wiser,2524
weighed,2552
recommenced,3425
gives,2927
ague,5753
answers,3906
ocean,2441
schoolchildren,5851
explosion,1718
ballfor,4955
kelson,5627
detail,3925
intervals,2677
wormed,6210
marched,2211
rising,1285
miles,851
allowed,1021
doctor,59
saved,1142
copy,4115
carriages,4066
thread,1780
reechoed,2340
villainous,3150
intended,1853
threatening,2609
smothered,4862
eddied,4749
agreeable,1688
stumping,3818
fatal,4372
painted,2449
yawing,5201
dirk,795
admiringly,4070
awaking,5572
maroons,4071
dreadful,2166
aside,1354
chickenhearted,3373
who,96
enveloped,6022
struggle,5404
thimbleful,4445
ringlet,5245
unsailorly,3892
schoonera,3665
combing,5100
pleasanter,4158
terror,534
total,3595
wiping,2469
cave,1004
silly,4234
itbut,5902
weapon,3157
attacking,4937
dangerous,860
deed,5909
riverthat,5992
thinking,579
louises,6270
salts,2356
itthey,4110
neat,1686
manage,1092
ran,204
ranged,4860
trelawney,319
whered,2642
slacken,2020
sake,1192
shirking,3453
chart,386
ita,3475
wake,1701
resolved,3349
fiddlesticks,3219
hanged,1556
heavy,605
gymnast,4334
handy,2143
dock,1238
countenance,2580
smoking,1291
minds,1323
bargainwell,5758
pious,1602
instrument,3574
carefully,2308
soil,2775
fable,2488
fixed,2052
hungry,3555
overheard,1280
benjamin,2689
surrounded,3026
watch,494
mouththe,3422
spat,2554
advantage,1612
chosen,2149
kitts,1767
collecting,5003
pinting,5746
lee,1195
gravely,4559
set,211
scrambled,5519
pleasure,977
thomas,4683
deary,3215
tailing,3499
cock,2115
sudden,445
beside,373
asidesee,5893
grope,3505
coward,2343
pushed,3009
number,555
afresh,5448
seek,1433
pen,1657
beggar,781
anybody,2161
raggedness,4408
trumpet,3465
itching,3552
awell,5333
piety,4444
command,1072
hoarsely,4582
silver,45
breathedthat,4943
apparition,4384
adjoining,5982
affected,2998
obeyed,913
jerking,3816
hearty,1236
saying,446
backs,4776
sniffing,2607
lantern,2324
way,104
hunched,3306
breathe,1852
streamlet,4737
teeth,708
overhanging,5483
organ,4952
ammunition,2703
majestys,2362
house,141
such,314
certainly,381
five,360
wheeling,2604
pretended,2169
squires,667
speakers,2637
warning,1550
ungodly,6151
six,282
mentioned,3125
crumb,4339
died,714
snatch,2499
quaint,4260
shaft,6158
labour,2702
own,147
coughing,4750
blame,1337
attack,890
feet,249
stretched,1443
covering,5011
campfire,1641
taking,777
degrees,2082
cliffs,1151
bucket,4003
outside,547
shots,2025
earned,3553
bright,473
droop,5066
cheeks,925
rude,2779
mess,4313
pie,2379
winds,1245
duff,3983
elses,6097
sauce,5769
laughterthe,6252
else,692
feverish,4792
retrace,4388
parlyment,4074
outright,1904
trio,2330
whirling,4349
drunkenness,2502
itit,5632
journey,2711
tremendous,2218
swarmed,2819
impressed,6128
musketry,4510
suppose,444
rheumatics,3148
brokeor,5752
tripping,5537
southwestern,4625
putting,1515
hairs,6033
sheet,2000
hopeless,5689
learned,1153
isle,1502
liking,2216
following,908
mopping,6196
prison,5830
banks,1559
class,3675
curses,2242
summoning,3466
flew,1305
likely,576
mere,970
boasting,4043
skeleton,596
reached,517
quit,2183
annoyingly,3686
blow,392
expressed,2509
circuit,4389
pale,923
pirates,521
muscles,2837
stockadethe,4716
striking,1778
printthe,3661
stared,2170
walk,891
saluting,6235
diminished,5098
thank,1437
terms,1077
toughest,3702
goodwill,4033
general,2473
exploration,4263
state,1477
taint,1921
thousand,613
frame,3212
baked,6117
latter,2005
run,260
capstan,1659
themone,4538
pin,2185
offer,1406
weeksten,3632
post,1511
picks,5966
blazed,5927
spouted,5121
prefer,1985
packing,2786
james,4685
trelawneywhats,3828
fiddle,5817
thanky,5939
smitten,5310
spirits,805
thimble,1779
breath,453
dismounted,3529
like,43
swarming,4930
tough,2070
freedom,5948
touching,1381
account,644
chorus,1362
round,123
sold,1859
heart,252
bag,1771
duplicity,4128
gathered,4087
will,202
sandbreak,4166
rid,1378
entirely,666
notions,2489
snails,5129
pistol,627
suppers,4745
torchlight,5709
describe,5929
chattered,5048
dip,5056
boast,5521
daylight,2859
grain,5314
clothed,4409
hundreds,2548
pattern,5259
obediently,5962
something,333
gilt,5258
former,927
steps,958
bumboat,4051
bout,6093
tired,1295
log,1518
recently,2990
venture,2294
cripple,3037
bill,537
islandto,6314
mainboom,5229
absolute,5025
dancing,1632
ducking,4252
visible,2850
fact,1826
old,76
rags,6018
enter,1792
incline,4806
forgive,2746
bounded,5981
sighted,1290
drag,3443
louis,3419
choicest,3634
threw,912
evening,527
suit,1450
whitened,3410
twice,1230
handonly,6325
masses,2894
beamends,5518
explanatory,3589
radiance,5535
heaps,6240
copper,6035
righta,3514
sprang,831
closer,6318
oh,1010
nows,4482
ladder,2888
grave,2236
warded,5502
uttered,2252
mounted,1788
fried,5922
sat,302
fainthearted,4534
incessant,5089
enclosing,4508
stuttering,3929
deadly,1302
wild,826
foremast,4106
bookcases,3531
fatherless,3371
brass,753
midcalf,5530
passed,322
bulkheads,5256
disposition,2898
rights,2320
sent,614
prayer,2691
neglecting,4296
doesnt,2483
matey,2247
witness,2997
unsquared,4724
cutlasses,2222
broached,2467
winter,3167
threat,5616
miscreant,2348
horrors,2243
quays,1872
discuss,4766
congregated,4098
taptapping,3423
doubt,717
letter,918
mission,2756
sidling,5235
immediate,6140
some,80
frozen,3424
meplaying,5887
patience,5068
aloft,1228
slowly,749
astern,1542
day,194
revenue,2354
hotheaded,3571
curtains,3781
error,3492
singers,6065
brains,5451
absurdly,3678
messmates,1886
forwardhow,3846
wrote,1367
andersons,4954
served,1104
spoonful,4060
beds,3118
musketeers,4879
eternity,5424
offe,3603
backward,6014
stiff,862
close,273
addressing,2182
enemy,1303
watchers,2295
headforemost,3237
parts,5159
unprovided,2785
diversity,6266
evil,2214
uneasy,1712
hated,2495
mastheaded,4478
chapling,2560
accidental,4961
depended,2536
pluckily,5607
showing,1989
wade,2736
bled,5486
hawke,2423
thumbnail,5788
sizes,3755
widely,4374
groaned,2916
streaks,2594
outtopping,4167
burning,2872
raising,1418
evenly,4566
talking,558
surrender,4768
aimboth,5466
brisk,1548
we,22
taste,1150
said,25
strolling,6286
ensure,6259
touchedso,3694
catch,1036
reappeared,2666
bridge,2325
comrade,1768
joness,5739
longdrawn,4316
outward,2530
june,3590
hadremarkable,4438
nervous,5662
very,92
heaviest,3947
poison,5837
bough,4883
chase,2908
gentle,1618
he,9
crazy,4446
crags,5125
smolletts,5610
plants,4268
trades,2529
lubbers,1734
strength,778
twopointed,2136
aim,2029
prematurely,5991
livery,4461
superstitions,6218
man,39
climbed,2415
mystery,2503
absurd,4801
notice,1374
sense,868
foul,5370
heels,2223
digging,6155
between,262
bilge,2565
foe,5444
push,5080
pass,1213
servants,1952
where,87
sheepishly,3800
thundercloud,4219
humility,5849
slice,2877
skulking,3474
steering,1615
manwith,4453
christened,4009
bloody,2944
pulse,4522
directions,5990
flashes,4915
patched,2174
key,1222
crashing,4702
begana,3402
but,20
firstrate,4054
nutritious,4764
bigness,5427
shocked,3116
departure,3380
theres,264
languor,4327
make,184
voices,615
treasure,208
meaning,1409
estuary,5389
ablowing,5398
badly,2064
body,393
hailed,966
weariness,5116
mingled,1687
goodbye,1516
weeks,1087
posture,4931
murderous,6146
vanished,4882
climb,4131
hamlet,697
slewed,4593
rustle,4324
pinch,1908
nodding,2705
ashen,6069
billows,2085
contorted,4257
bald,2977
message,3385
hoarfrost,3174
defend,2288
ready,546
far,192
shall,366
empty,957
bare,1748
has,231
confidenceand,4692
locked,5093
fashion,3720
hood,3309
mad,4248
worry,3693
deuce,1860
couldnt,848
footsteps,2279
raging,2349
pints,5733
monthly,3104
shortly,3907
seacook,803
report,877
january,3170
cling,4181
tar,2306
explaining,3845
charming,2413
lips,1599
confidence,2621
chink,4743
stormy,3098
headlong,4928
tavern,1226
forever,2517
ninety,5910
lesson,3541
recall,4395
these,126
mestanding,5199
sufficient,2880
employer,3867
suspicions,1528
thatdie,3241
pledge,5864
interval,2696
customer,3791
makes,2578
truculently,5619
eastwards,4924
halfdozen,4545
ought,1999
struggling,3049
cheesetoasted,4428
musingly,5913
noble,3546
shocking,3291
natures,6353
mes,3837
thousandfold,5173
handed,2741
morally,6305
soaking,4565
elbow,2090
usual,1174
hurry,807
annoyance,1684
brandyfaced,4590
recollection,2667
nobody,530
lived,532
yohoho,1009
spur,4328
circling,4289
dispersing,3436
allowing,3299
flattery,4023
delay,1446
bland,6253
distanceupwards,4999
medical,2385
die,785
brings,1832
rock,617
runner,2461
trump,2377
skin,1761
lion,5856
heartily,1055
instruction,3585
denied,4028
acknowledging,5669
protection,4528
arrow,729
fleeting,5517
knife,536
usgray,4843
knolls,4282
helped,1412
paid,1013
growled,1506
snatches,3583
quarter,950
contained,1783
chief,4407
desire,1100
dangersi,5806
became,1582
contemptuously,5725
leather,4418
portable,5019
pipe,331
smoky,2882
tarpaulins,3710
enclosure,1126
eternal,2177
board,296
comes,705
breadbag,4973
which,89
me,23
blown,2803
stem,2953
overhung,2995
leg,406
fast,779
air,316
whirr,4321
wot,5717
redhot,4853
soldier,4524
reloading,4626
himone,5956
risking,2716
revolted,6170
lands,1729
owners,2758
tone,1033
group,1965
superstitious,6092
river,1997
headpiece,4688
crawl,1463
apparently,2679
mizzen,2572
phrasethat,4495
instead,1082
dogger,3519
breaking,1146
sullen,4638
attitude,2903
civil,2680
played,5432
bandage,1633
immense,2799
seacap,5154
hilltop,2656
pant,4347
bench,3833
wished,2421
snored,5796
roundhouse,3900
narrows,2887
discussion,5979
mayhap,5890
distinguish,5567
nature,2046
bearing,1085
campaign,5933
matesnot,3489
manone,6263
hearts,1625
summit,1642
slab,4729
kitchen,3344
ablaze,4970
treeslive,4273
ghost,3199
johnstem,5819
she,127
piracyflying,4712
fugitive,3208
leastways,1561
rogue,2547
nohow,2254
bottles,2923
buoyant,5040
indomitable,3704
accountbooks,3588
nofree,5615
harder,1689
quarrel,1813
decided,1119
treated,2801
swept,1815
heading,3991
scamp,5612
moren,3020
boozy,6086
yaw,5110
horses,951
spread,2033
stretching,4331
wrestle,5094
flints,418
cheer,1949
girls,4035
thered,4698
outnumbered,4854
singer,2874
companywith,4682
savages,3653
pilot,5383
chartburied,5136
schoonerwell,5683
phosphorescent,5103
houses,3365
thickly,2948
dropped,598
horse,919
law,3733
scuttled,2935
hope,586
sounded,956
disapproval,5866
thunderstruck,4966
fiercely,2601
delaying,4605
vegetable,6123
bays,3615
blind,317
breast,1827
there,40
slapping,3819
derision,5315
connived,6344
bloodstained,1981
west,587
sheltered,5359
forest,4375
scatter,2336
candle,1777
clever,1883
amidships,3909
grumble,2428
web,6279
blunts,4062
friendliest,4136
puff,5055
signboard,1660
foolishly,6352
coins,2300
cruel,1754
sport,3578
stout,1260
heights,4117
chances,6365
islanda,4129
proved,783
scream,1473
faster,5480
lose,664
kiss,5777
rebellious,4239
fishing,2520
wavering,2975
tenfold,5591
lieutenant,4788
boxed,2958
squalls,3034
years,631
successful,6219
unmoved,5458
meyou,5740
oilskin,2321
execution,1934
thirds,5214
gather,3334
flitting,5342
forelock,1899
title,3938
agitated,4150
lookout,1095
feed,5645
slope,965
even,161
surprise,550
writhed,5248
piled,6262
tasted,3935
astonishment,3455
glove,6309
fleabite,4962
toss,5106
sprung,5501
calumnies,3681
ambushes,3508
roger,2039
trained,4333
southward,2886
disaster,2734
lanterns,3918
propped,1524
defies,4340
pigtailed,3768
world,475
loan,2993
greeted,6101
marlinspike,5667
dry,1163
camp,999
divided,2024
appears,1697
cain,3255
express,5250
anchored,1962
brooded,3648
behindbesides,5957
clay,5603
quarterdeck,4137
broadside,1278
window,873
knives,5371
recommence,4938
despair,1784
topsails,3563
missiles,4704
tall,422
illlooking,5673
grateful,5860
enlarged,3899
gammon,5878
roaring,2783
stroll,3089
mound,4907
favoured,2453
horseyou,3270
lung,4958
accompanied,5765
breakfasting,3774
youll,172
hovering,3348
avoid,1666
ringlets,3762
dropping,2241
benbow,442
stores,603
baled,5153
heavens,4335
trampled,3495
leastwayshim,4466
resolutely,4400
mutiny,1292
track,3824
face,178
august,2426
captors,5954
design,5053
fence,2795
figureheads,2440
wickedest,3114
range,2714
landingplace,1614
flashestwo,4888
umber,5266
living,3006
curious,1217
reverberations,5122
harbourbar,3412
pigeon,3554
playing,5869
jealousy,4037
alarms,1667
smell,943
broken,466
darkenedas,5545
brewed,5897
spoiled,2528
closed,932
harry,2456
tiptop,6025
deposedthats,5720
banged,2910
corresponding,5430
saidthe,4740
gallop,3491
art,1710
wheer,4694
darkening,4319
spending,2614
mainthats,4109
whispered,2298
shorthandedno,4487
ravingas,6304
flock,4015
murder,1968
though,163
kings,1467
stow,4083
shrill,1903
thwart,2072
plundered,3601
perfectly,1691
angrily,3144
inmates,3358
coach,2345
drunken,2079
packet,2322
reducing,3611
those,980
paint,2465
cowardly,3565
means,1037
younger,3119
humming,5050
lucky,1331
reach,1134
wind,342
cannon,1995
snort,3178
foresheets,2623
glance,845
reckon,352
prayed,4481
comin,6042
caraccas,3604
bandoleer,4610
another,101
numbers,2713
separated,5216
helplessness,4496
sperrits,2934
fir,4742
unearthly,5001
shoved,1584
louder,1016
sort,447
junk,2941
blasts,4362
buildings,3527
compasses,3407
taylor,3145
himself,156
quarters,5215
bitten,3388
hopes,5295
merits,3682
fat,3617
remark,1161
deathi,4517
grumbled,1469
rations,1627
began,99
asked,220
better,292
whisker,5246
commander,3083
knowed,1110
instinct,2022
slyness,4434
brief,1801
goodish,2851
ebb,1123
snipes,4370
unintentional,3874
topped,3490
travels,3537
traitor,5944
divers,6024
accidents,5940
bens,3813
breakfasted,4778
sequins,6273
peered,3377
frequent,4701
georges,1811
minute,706
seaofficer,3770
attacked,1772
prompt,1646
inktwo,3620
pocket,575
children,4717
ate,2261
boatcloak,3409
jiffy,4250
dazed,3327
chose,5198
maid,2365
choked,5468
dagger,5457
southeast,1573
bullys,5408
calfs,4079
groan,4917
em,289
bluff,3533
trunk,1596
possession,997
bungled,2128
matter,528
passably,3932
serviceable,4639
so,34
become,1839
insist,3124
peculiar,2272
iron,709
bring,523
handled,5381
twitching,6190
suffered,4631
comrades,1472
virtue,3548
ballad,5097
apologetically,4643
trough,5148
goingnot,4691
mr,159
fit,670
truantry,2858
unmanly,3891
greyhaired,3798
scale,5123
bravo,3773
jimthis,5335
thatll,2649
unless,1740
bowling,5304
northwest,2906
awarning,4305
pew,484
inform,3313
spirited,3269
colouring,4170
sorely,5593
party,394
seemed,175
by,28
huddled,2970
remarked,3003
elaborate,5671
landsman,4684
positively,2267
pursued,1773
hands,91
moment,138
surinam,3967
declaring,3677
drink,448
customers,2451
sawclear,6050
extent,5510
lowlands,6288
shaving,5385
realized,5590
clump,6120
knew,304
pistolshots,4916
upstream,4574
employment,5449
peal,2468
spanish,1019
straighthis,6023
guilty,2312
keelhauling,3814
hanger,4925
coats,4873
seems,2478
wherever,1987
powderhorn,4977
mainstay,4696
engage,4839
scaled,4933
power,1115
pluck,1809
deception,5344
flowers,2951
exact,1795
configuration,4176
wear,2991
regretted,3856
bite,1564
sleeve,3224
craning,5403
speech,1770
gladness,5802
shaggy,4383
tomorrow,1848
rattling,1455
perfect,1532
blabbing,3881
thin,1458
cases,3592
unsteadied,3213
swab,1738
innocence,3827
scarf,2688
logbook,4647
norard,2571
perceive,3549
leaping,1979
reverently,4656
mountain,1205
nighhand,4526
kidds,1945
floor,622
soons,4061
overcoming,3391
emptyhanded,2979
missed,2076
sloping,5983
hail,2759
snoring,5562
haste,1758
diet,2675
sizesdoubloons,3418
discharging,3847
meantime,409
swallow,1644
musket,740
stunning,2652
silenced,5881
add,1105
mast,751
no,52
swinging,1175
unfaithful,5790
modulated,4361
pickaxes,6201
dull,2059
moonlight,1460
leaves,971
halffrightened,4127
dear,756
feelings,6303
flown,2808
scarcest,3421
porch,1130
patted,2205
cheekand,3187
conclusion,5179
nationality,3844
brain,2645
shut,1050
lament,3730
equally,4249
canted,2961
narrow,1579
too,167
defences,4904
awful,3153
received,1368
twentieth,6359
midleg,5807
arrange,4238
if,44
amphitheatre,4206
plenty,1283
feeling,1267
going,271
frenzy,2351
consider,4830
ribs,2436
spose,2926
year,1343
meals,3288
beenand,3695
splashes,5247
courage,894
grasp,1234
physician,3644
miscellany,3401
scratching,4660
sang,1147
forget,1064
screwed,6183
laughing,2847
rats,2817
well,69
camped,2784
regiment,4515
incivility,3159
stumps,2774
forbear,6172
nondescript,4386
shudder,1116
addition,3657
backput,3567
filthy,3139
marshy,4253
unpleasant,3169
secret,915
stretcher,5015
capital,3771
thatand,3251
explored,3650
behaved,2526
ox,5924
prizes,4093
hesitating,5714
appear,1210
latitude,1840
fore,1539
consciencethe,3243
narrowly,3822
plansnot,3642
anxious,1948
nobodythe,4233
shins,4235
repeating,3850
limbs,4080
effectual,3161
rocky,5307
damping,6047
gruffly,6300
peering,2202
rightly,1263
staked,4774
appeared,608
backsome,5644
process,2730
recent,6156
passengerthe,5489
hazy,3928
darent,4030
blindfold,6244
rapid,6144
dice,5450
subsided,2582
abe,4826
wide,772
lately,5484
shell,4467
amounts,3608
cooling,3245
dare,625
figurehead,4046
common,1083
pecking,2986
streaming,3206
debts,3342
duskily,3007
eaten,2047
nations,3757
wines,2556
front,449
accomplices,3031
victims,5872
bitterly,5601
strange,784
hummock,3625
ace,4397
tools,3050
cookand,4812
dayyou,5751
shookmaybe,4816
mark,554
hiss,5660
drop,1196
cricket,4672
match,2729
provision,4537
kill,846
bearings,1341
walls,2262
partridges,4514
yet,235
dispatched,6217
appeal,1808
adding,2793
step,506
recommendation,3698
destined,4341
rear,2007
firm,1876
fever,1294
tailors,5745
statement,2683
crowd,2448
hammocks,3901
finished,2373
powder,395
mirth,3841
himthats,5655
ago,1326
follow,2265
merrys,6180
stab,5300
arose,1466
woody,5993
grasping,5793
sides,815
contrived,4592
hornpipe,5737
sir,207
heel,1185
aspeaking,4307
afraid,529
seasalute,5672
pension,3701
stoving,4833
occasional,2891
come,111
gold,689
week,824
rely,2593
nettled,4828
prettily,4121
forefinger,4448
obliged,3840
content,1793
tyrannized,3117
hilltops,2195
various,2672
roving,3728
horribly,2901
indignation,3179
clothing,2132
pure,3696
might,148
touch,1067
bestowed,4541
stately,3539
awakened,2435
grey,1698
keyholes,3202
sun,355
themi,6320
pleasebear,4572
italy,4763
sentrygo,4817
whiskers,3761
burned,1068
across,283
men,88
comical,5713
prejudiced,3676
presented,5205
flower,4014
needles,3387
leafless,3524
hot,416
dreary,4191
mahoganyfaced,2457
silent,690
advanced,2297
permission,1834
reassured,1732
plumduff,5734
inspection,3855
oars,2008
been,54
azalea,6115
earning,4017
boarders,4900
meet,1560
ina,4783
reacted,5825
approached,2414
lets,1225
cast,1314
displeased,4468
slipping,4096
motioned,2199
jewels,5514
wedged,3747
trembling,1360
weaker,2257
clawed,6062
vapour,2050
ample,2864
exposed,933
thrusting,5352
grudgingly,4217
fitted,2417
slant,3485
gunnery,4675
grunting,6133
clue,2384
obviously,5346
church,3001
hostage,2130
goal,4586
within,793
drank,1149
weekstwo,3631
indeed,301
primed,4507
trick,3265
manofwar,6341
bubbled,2798
gaping,5206
sinewy,3225
strode,1702
apoplexy,3336
sureand,3640
baccy,6037
not,26
throats,4021
indicated,5032
reward,6247
threaten,5789
humane,6301
gave,337
speaker,5620
shoulder,291
dreadfully,3048
crossley,3374
cockerel,3836
king,1752
green,659
leading,3507
puppet,5491
mutineersnot,4942
gratitude,3427
centre,1243
south,632
riches,6143
lending,4755
pipes,2427
printed,5784
city,3752
intelligence,3500
formidable,1803
someones,3457
deadlights,2464
meamong,5805
thoroughly,1882
blowing,1744
three,154
shy,4159
fears,2208
honesty,3440
contrast,1685
into,71
destination,5536
visit,1398
melting,4870
ball,998
north,350
invisible,4667
laughable,5848
drake,3636
knuckled,3156
timethree,3630
life,321
discoveries,3858
a,3
actual,3656
fury,1690
volubly,6083
also,634
manner,538
tatters,4410
somebody,2747
treaty,2121
reloaded,2743
simultaneous,4320
fearful,6105
mountings,4479
wriggling,6198
ruffian,3151
flushed,2989
allardyce,3045
meout,4001
retreat,1392
flit,3922
singsong,3312
rascal,2383
highest,6324
country,758
plain,300
stock,2106
absences,6261
paleness,5555
handkerchief,1546
marshbirds,4318
older,6100
leer,3186
observing,1369
tonnage,3843
unruly,3002
neednt,2053
compact,4280
ashamed,1764
happier,6250
itll,4798
know,100
figure,853
chance,590
halting,6109
stay,688
forgotten,1206
inspired,5189
further,594
escape,959
glowed,2668
mates,936
manys,4427
gentleman,593
hold,382
kicked,2339
sad,1750
stays,2013
toon,2686
ambiguity,2397
clearer,2398
regret,1828
fathers,3293
runs,1287
slacked,5543
amount,1224
loud,577
dismissed,3557
ploughing,6012
assault,3467
besides,455
vegetation,2596
having,566
bad,404
smooth,993
freshly,4377
mainland,4204
road,405
rage,3452
worn,1451
dragon,3618
darkness,1002
nice,2127
rode,1695
slung,3038
pigtail,2138
guard,806
dig,2044
strain,1605
picked,1259
young,543
clapping,4135
shovelsfor,5967
jimheres,5780
muskets,818
voice,173
rise,857
betrayed,4886
wage,3095
word,165
babby,3973
doused,5504
trailed,5350
huge,1417
berths,1540
mild,4230
tooth,6027
uselessgiven,6211
ruffians,2921
englandand,3315
galley,1271
mutilated,3200
sovereigns,4840
necessary,1905
efforts,5211
tale,4790
passion,2164
drooped,5207
paddle,1135
ours,1664
supporting,1821
tiff,4228
cord,2875
swaggering,3764
job,1103
cried,84
capstanbars,3916
your,64
musketbarrel,4885
pole,6030
ungainly,5490
crime,4369
choosing,3873
inclined,3340
narrative,1604
bowsprit,1553
everything,1512
tattoo,3581
tottery,3622
box,1371
flying,1298
clock,1430
mainsail,1003
davy,1531
thunder,464
angle,2030
unknown,2443
teethdisclosing,5242
wicked,1673
trod,3511
mastall,4016
trojan,4635
skull,4948
managed,1194
relinquishing,3796
inn,375
pinched,1993
steep,1204
undergamekeepers,3731
pines,683
bold,1184
shot,269
groans,2834
seamen,635
weak,1054
shadowthe,5512
treat,4578
clause,4089
shown,1554
lightly,1978
interior,1449
altogether,1358
heed,2627
joke,3839
crown,3021
sneering,2204
injuries,5392
emissary,5705
fatally,4953
warn,2341
sons,4056
dick,440
corners,1669
clearand,6043
gunnthe,5908
dust,1977
brows,4622
easier,5318
reddened,3536
dog,354
yes,3272
wounds,4950
terrifying,4703
flattered,4544
careful,3940
wildly,5433
conduct,1541
unconquered,6084
companion,496
fathoms,2405
confessions,3285
halfidiot,6205
found,146
dinner,1168
belief,1413
insects,6056
steel,1719
branded,6161
prodigiously,3561
glossy,5156
adventures,1088
gales,2192
seein,4831
resin,2812
duly,6028
raised,775
swell,1577
jollyboats,4556
barbecue,1273
sculled,4542
slight,2482
succeeded,1128
concern,4612
welled,4726
an,63
mile,636
solemn,2525
none,362
precious,855
trusts,4038
points,1943
father,443
natur,2952
scowling,3290
peak,1566
movedfor,5347
war,2570
fighter,3181
payment,3341
quite,214
outset,5995
low,263
confusion,1597
slaughter,5475
sharply,858
sweeping,2019
solemnity,5369
subaltern,5382
moss,4738
burthened,5965
achievements,5522
regard,1173
ashorell,4232
ditty,5069
intruders,4301
diagonal,6215
deal,570
dripping,2498
noisesthe,3204
sailed,468
fivemy,4941
because,1143
pulses,5477
nearer,411
hat,645
mist,2329
fars,5290
northward,2897
person,1040
thirty,1124
lent,4366
bottle,423
grilling,4971
tightened,4447
leant,5658
mizzentop,4095
separating,3484
supply,3289
bolted,1435
crutch,351
college,2537
pause,870
heaven,1309
itdone,3231
wise,2665
caking,5175
haft,6207
roundly,5868
knit,4621
rush,1800
clattering,4713
missing,2827
johns,1275
sever,5058
particlar,5321
directly,1594
pockets,1445
deny,1249
entry,2392
telling,1428
imprecations,4845
upside,5829
chilled,4710
captaing,5670
shiptheres,4842
unexplained,5952
uniform,4171
date,2388
frosty,1379
obscure,5265
nimbleness,3331
ripples,1613
shortso,4663
beating,1440
moonbeams,5539
handswell,4315
stirrup,3520
included,5629
roberts,4007
coolness,2576
mysterious,3164
mechanically,4923
claim,2562
adventure,975
coinage,6267
western,2117
workpeople,3683
demolishing,4714
curse,5778
spite,931
thingsnames,4116
speed,889
hurrying,2494
singlehanded,6229
trifle,1507
mought,1661
negroes,6329
listening,1920
ingratiate,6297
peaks,1301
reawakened,3821
change,761
spiling,5833
still,75
parties,5331
gunnwho,6246
consult,5255
plodding,3069
overhaul,1330
taller,4283
funny,5724
blue,492
clapped,1878
gunns,739
buccaneer,652
nearest,725
hear,189
perish,5594
casea,4614
dragged,3236
trunks,1963
strong,361
seal,3612
confess,1950
quivered,6135
heard,186
entire,2097
awaited,1391
precaution,2937
slights,6294
closely,1976
longitude,1841
conned,4201
bread,2119
becalmed,4163
ourselves,947
displaced,4959
tan,5232
presently,2907
softheaded,5719
fog,782
shoreside,1970
supposed,1370
ornamental,5323
snuffbox,2781
curiously,4278
manoeuvres,2954
clumps,2595
doublebarrelled,6169
vessel,1084
christian,1598
tipsy,5061
behind,181
ben,217
advancing,3438
action,1753
towell,3271
shouldered,2860
gallipot,4558
confessed,3823
paused,834
expected,5078
heap,2966
blackhearted,3597
knuckles,2823
fontenoy,4851
blade,1714
furiously,2871
crossed,762
would,50
heath,3746
uncouth,4343
ceased,1372
lain,1626
barrels,2924
glances,2134
ambush,2639
higher,649
redcap,2101
bachelors,3724
polite,2023
anchoragea,4212
repaired,2429
nips,4693
publichouse,2422
justice,3831
tobacco,719
slipped,716
famous,1498
rejoice,4628
subside,5147
carry,1015
infamous,5565
useful,3939
darting,2960
pace,1125
praps,5652
shifting,3908
drub,4855
twitch,3328
concealed,1986
observation,2763
skipping,5181
athinking,5857
pound,2543
badtasted,5854
coracle,353
unsteered,5192
lower,774
redruth,384
befall,4976
alow,1804
glass,639
stockadetoo,4739
proposal,5855
cant,308
marish,5997
before,61
alert,4876
bringing,3878
length,640
palms,5426
order,661
column,6124
rate,879
embarrassment,6200
bubbling,1996
monstrous,2156
strongly,5553
examining,1900
plunged,1971
tones,1975
vain,946
string,1785
abroad,1617
dooty,677
hero,2650
sends,3727
brace,1069
judged,1364
soon,133
amuck,4011
yardarm,2587
sundry,5732
burnished,3960
contrasted,2250
inexplicable,3018
aperture,4302
blandly,974
squaretailed,5958
palisade,741
root,5395
together,219
thinks,2641
bargain,1133
interrupting,3671
bags,4530
springing,6099
obeying,3658
demons,5822
differently,4503
clambered,3295
small,626
ploughed,4848
headappeared,4624
jf,3628
manim,4072
pitched,2041
cassandra,4010
disturb,5163
feints,5429
direction,348
districts,5544
maybe,560
hesitation,2027
exclaimed,1879
task,6257
priming,1619
pinnacle,4359
speedier,6130
stuff,1562
declared,1436
hammer,5412
dolefully,5070
fortyfive,5438
deliberately,5884
puts,1557
barked,5274
sob,3384
boarding,3971
space,2700
bade,1682
blades,3639
among,177
wouldnt,581
wonder,624
sums,3602
his,14
failed,2974
southern,1141
declare,1863
spaniards,3560
ledge,4270
cheaply,6348
deathhurt,3216
talk,344
cable,2698
touched,2710
pang,5462
grasped,2821
stitches,3575
dismount,3504
insubordinate,5803
scupper,5440
music,2180
sets,5137
acre,3651
liked,1022
opening,4512
lick,4641
dilapidation,5391
fort,4579
outline,4286
hull,2868
sailing,1256
neighbourhood,3346
seawalk,3765
reprimed,5414
ash,5785
biting,4758
milei,5000
district,3158
dr,209
eyeless,3318
vegetables,6334
yourselfneither,5906
younker,5460
against,250
frayed,5244
environed,5797
lasses,4804
deplore,3503
fierce,2147
tearing,1955
money,305
overhauled,2335
real,2971
shrewdness,4462
study,5155
inns,3087
roared,612
executed,3228
seacry,5563
alike,4081
willing,1769
spirit,844
level,5086
unwearying,6295
size,2125
calling,1366
pilestables,4857
stoutish,4646
trying,905
lock,1786
usage,2305
require,2479
comesas,5834
poor,253
professional,5824
awoke,1312
bravea,3953
egg,4215
hung,391
sentinel,3025
named,1865
gained,2099
aid,5299
extra,4664
particle,4824
punch,3751
avowed,4126
booty,2275
games,2619
pinned,2969
leisurely,6202
plate,3970
instant,699
surrendered,6085
extremely,5013
motion,3748
ghastly,5240
deckso,5341
winked,2647
parole,5799
record,3593
scorn,6102
everyone,1091
devils,3986
doubted,5596
buccaneerheres,3961
loudly,1024
stridelegs,4998
lines,5279
shone,1457
daybreak,5566
guessed,4819
visits,3286
ally,4451
disappears,3163
roast,5923
fightingcocks,4024
generally,4432
plaster,4963
asleep,2535
affect,6091
shiver,876
sunbeams,6007
especially,6337
month,1157
nothing,188
crossing,4894
haven,4194
heaving,5144
densely,5345
motionless,2270
spluttering,5853
liveoak,4291
handspike,2142
awake,5808
thigh,1833
trot,3518
describes,6076
swig,5366
survivors,2831
temper,1207
peril,2956
sentry,2045
obsequious,6254
smaller,6016
proceeded,1121
steersman,4200
hearken,3354
downhall,5509
themll,4090
rollers,2844
regained,2767
roughly,1348
through,136
snow,2175
indicating,5276
try,1239
fell,205
reflection,2862
powerful,5963
northseven,4890
repent,3284
only,103
unfitness,5931
flighty,3298
circumspectly,5533
sunshiny,5309
bacon,2146
aloud,731
according,1523
others,426
parrot,982
ashore,239
feeble,3248
accustomed,3086
hawk,3556
needed,2245
tremulous,2976
divides,4978
eyesthe,4878
enough,135
crept,1465
stabling,3136
march,1857
nine,883
undulating,4256
rays,2074
uninhabited,4264
spoke,329
scramble,6182
discomfort,3734
cords,4199
occurred,646
using,3950
flashed,1593
undertaking,3637
big,396
count,1172
lowlandsa,6051
upright,3065
sheltering,3446
cannikin,5695
ese,1847
outeven,5973
treetops,2093
invaluable,4532
characters,3623
thirteen,4245
stamped,6277
loaded,1066
cannibals,4396
easterly,5527
twopeaked,5528
englishman,3562
genleman,1994
barkings,5131
girdle,4867
newly,3780
consequence,2726
rest,251
yarn,1910
seamans,2304
autumn,6283
itlife,3872
ruin,3121
swish,3997
goa,3972
unobserved,6346
bated,6045
sulks,4236
over,83
argument,1704
brushed,3399
dwindled,5024
ladys,4599
soundingswith,4118
mistake,1652
swallowed,3027
changing,1089
pulled,544
thrown,863
embers,1637
persuade,4360
disgrace,2225
perked,4433
tore,2302
swung,898
manned,1241
added,288
youre,200
crackthree,6187
possibly,5523
grown,1571
ony,941
amongst,3936
rang,1078
redescending,4325
failures,4849
happy,1397
reawakening,6088
indoors,4794
hastily,5353
restored,5936
impostera,6232
laborious,5453
sliding,2917
fan,6009
coxswains,1640
gamekeeper,1501
preferred,5138
itof,5835
surprising,1858
wetted,5114
uncovered,2036
cordial,6230
mercy,5368
anchor,557
least,495
with,15
exchanged,4620
apprehension,2126
square,1046
meant,507
tree,884
london,1500
bloodthirstiest,3558
hadnt,1885
sleepy,3109
excitement,1365
lighted,2804
wring,1937
cheered,3360
snorers,5569
truce,2051
existed,4654
setting,2432
israels,4674
hazing,2807
move,794
serious,2470
weakness,1057
coil,2750
peculiarly,4721
supervisor,1474
swallowing,3197
hadntbut,5761
than,105
god,1020
royal,1663
roundshot,1324
gain,5166
involved,2113
rudder,1578
hunter,338
safety,733
back,82
quest,1998
un,1737
chimney,4748
atalkin,3806
starved,1927
holus,5904
movements,5431
rosily,4787
anyway,1645
budge,2342
what,51
tails,4564
be,35
want,311
born,1517
quart,3854
mean,501
encourage,4905
troop,4317
counting,2589
song,764
tropical,6339
tops,2790
schooner,326
grunted,5273
nineteen,1572
waving,2048
john,134
quieted,2930
turn,456
inches,5422
brutes,4265
thickest,2841
smouldering,5547
sonnydiscipline,3190
lashed,5298
admirable,1505
jackets,4872
sprays,2086
sunday,4484
intolerable,3889
slimy,5127
hedges,3381
unhappy,2172
bowstring,5047
floating,5499
staymy,3445
useless,1274
tears,1759
coals,3343
ascertain,4979
appended,3596
forms,3099
dosed,5846
aroused,4535
stage,2434
spade,4469
to,6
coasts,6370
alliesrum,4772
floated,2855
sea,132
namewhom,5641
scholar,5328
method,4399
sin,5367
rule,5322
steaming,2635
oak,4258
amiss,6227
admiral,402
navigate,4058
it,13
sheer,1471
shame,1924
powdered,3543
started,864
grayits,4555
missile,4344
southard,4568
hark,4504
chirp,6054
summons,3280
communicated,4144
shivering,2168
perhaps,347
weep,5899
beach,476
dicks,5776
hissed,4271
much,108
assistance,1774
tallow,5233
cabinboy,1497
plotting,4148
prevent,5023
dead,140
probable,2579
pretext,5340
circumstances,2592
bunk,3930
longing,5178
rum,206
wondered,1789
flea,4852
stepped,1039
came,98
ax,5668
carrying,1628
example,1966
bandaged,5826
shining,769
land,398
gasped,2684
paces,2328
affairs,3166
court,5635
saints,6363
along,201
flat,1580
refreshment,6008
giant,6122
malabar,2519
grate,2278
kegs,4531
relate,3924
waters,2534
buccaneers,485
snakes,4269
avenue,3526
english,1242
stomach,4185
shipmate,1044
porridge,4746
exciting,3920
sprouted,6157
same,145
devoutly,5112
walrus,2539
acoming,4076
farthing,3415
first,95
weather,813
hoist,2237
cumberland,4520
filling,5237
oaks,4275
creeper,3042
stories,1361
fixes,6080
feasible,5943
himcould,3643
creaking,4179
seatossed,5120
landlocked,1846
ground,665
hawker,3131
either,414
appetite,5283
jibboom,5222
pineroof,4725
dillydally,4525
crossleys,3416
nick,6197
little,85
saddled,3375
coldest,4782
nay,2885
whereupon,5151
sanded,3783
verse,2873
buy,3129
prescriptions,5847
hauled,1328
earnestly,4294
handsome,1223
getting,928
middle,642
crawled,1307
swamp,1590
yelloweyed,5674
fraction,3432
surface,673
weathereye,3281
halfheartedly,3471
confidences,3297
seventeen,6242
marooned,4475
fifty,1277
bristol,469
black,193
perplexity,5456
sparred,1896
grow,929
skirted,4722
discovered,1862
slightest,1964
in,8
grog,1549
methere,4452
break,1193
sureriggers,3684
predicament,4454
leapt,5409
glory,3712
gutted,5263
comeliness,5493
lanyard,2505
changed,712
theyd,3262
visibly,2904
foggy,3303
discipline,1388
contributed,2622
drenched,2735
easily,892
dunno,2542
argyment,5614
foolish,4974
lection,5653
quoted,3258
gunner,5059
qualm,4184
handsomeor,4813
nowhes,5327
gum,2124
natives,3690
rotting,4214
ever,199
pits,5538
mutineer,2802
papers,2316
contain,4732
public,3736
ahead,2625
swift,1775
scattering,2026
squalling,2346
unaccounted,4934
assurance,2964
swollen,2748
lights,2861
luff,1919
shove,5164
scolded,3825
arm,504
clefts,6074
surges,4326
harm,2001
hell,1410
hanging,694
self,2553
stopping,4832
bought,3663
cowardice,2289
oxen,6366
therefore,1595
pirate,1028
revive,4398
bulkhead,2506
steerage,4584
exactly,1269
tap,3214
rattled,2963
impatience,3413
waves,2094
dressed,2445
perch,5471
decks,5197
northern,2928
attracted,3792
terrible,1165
squatted,4292
launched,6145
cottage,6125
startled,1420
trimmed,4651
emptied,4207
attempt,5140
civility,2616
trusting,5357
bless,1389
calmly,4825
morning,363
grievances,5728
armed,1439
glisten,5196
bolder,2037
snatching,4918
yougold,4304
eagerness,3451
forwards,4902
stupid,1880
approach,5925
forgot,1212
greatly,760
apprentice,3740
theyre,940
ear,736
drove,3919
lifehe,5949
panted,3383
laughed,1237
dimensions,4376
mill,5575
footing,2820
patches,3133
watching,680
thankful,3431
savannah,1739
details,1855
repeated,707
stiffly,5443
gaining,5195
isas,5288
irreverence,6089
sabre,2137
probablethough,5841
excited,1401
spends,4019
plumping,4591
hid,1810
wall,765
kneeling,3008
aboard,267
fools,963
opinionthat,5842
complaint,2189
eatables,5971
nowits,5891
patient,3135
around,463
begun,514
growl,5618
racer,6167
didnt,1262
pride,3189
hoofs,3494
headway,4600
as,16
waited,5428
severally,6090
strike,1349
inexpressible,6323
systems,5843
feel,988
treading,5087
sayone,4858
heads,981
sign,591
makinga,4567
offered,4587
seals,3613
slunk,4850
odious,3691
respect,3713
settle,1400
endless,5096
singing,643
impulse,5212
guided,5194
wreck,1648
burnt,4404
crisis,5063
building,1871
admixture,2778
repainted,2430
slap,1676
standstill,4378
impulsion,5082
remain,2277
capns,3805
trundling,5202
halloaing,4550
tended,4088
itwith,5920
cracking,2739
condition,5978
frighten,2287
fainting,2238
plucked,1166
card,5680
shrubs,6002
fullstretch,6166
cleaned,4112
mate,312
reading,3660
paw,5397
ached,2973
fancies,2160
mention,1875
guest,2152
foremost,1215
volume,3609
bustle,1101
death,407
cocked,3744
seas,2606
trial,2754
e,1495
shallow,5520
piping,1873
disappointment,1568
foreign,3406
merest,2419
please,582
boy,287
neighbouring,3350
basket,4731
neck,789
oath,830
bay,1650
particularly,1383
stalked,5880
youngest,4012
forward,399
they,37
haul,1946
inlet,671
bell,3551
echo,1297
ankecher,5291
clenching,5525
flattering,3808
thereupon,2992
often,606
weve,1468
split,1396
asll,2942
company,526
thinkscarce,5221
reparation,4604
external,4986
upward,5445
yards,715
supposing,1386
replies,3152
neither,417
fail,5170
mortal,1411
unmistakable,3235
rose,460
blur,5031
smoothing,4431
imitation,3772
youth,3301
daring,2712
again,78
allow,2165
draw,924
reassuringly,5564
volunteered,4195
bewildered,1720
wound,1187
slightly,5102
gettin,5721
treachery,1551
spice,6005
spyglass,357
silently,2745
captains,345
idle,1299
stranger,702
pursuing,2221
delicate,5379
stony,2663
tortugas,3112
tons,3667
accomplish,5511
dipping,3994
reiterated,3461
surer,5561
bathe,4130
head,116
backed,2207
lead,1419
promised,3093
biscuit,964
ringleadersonly,4243
t,1867
entertainment,3779
killing,5330
thousands,3473
divide,4836
loghousequite,5813
farther,867
shaped,2399
tallest,4173
gleaming,4338
thundering,1216
woke,4430
sees,2213
tack,1336
wailedfor,6075
clambering,4935
wholl,5757
quiet,533
lapping,3175
poll,3545
including,4246
rowing,2723
wonderful,839
just,153
stretch,2091
latest,3990
manoeuvre,5043
airs,2846
fishier,5623
bowls,4598
do,86
alllatin,4002
defenders,4859
humbug,3890
stream,1589
hardly,599
spreading,1973
encouragement,6072
